t,avg_absC2_LR,avg_absC2_LT,avg_absC2_LL
0.0000000000000000e+00,0.0000000000000000e+00,0.0000000000000000e+00,1.0000000000000000e+00
1.0000000000000000e+00,0.0000000000000000e+00,0.0000000000000000e+00,8.2978503721699681e-01
2.0000000000000000e+00,0.0000000000000000e+00,0.0000000000000000e+00,3.8020874374490288e-01
3.0000000000000000e+00,0.0000000000000000e+00,0.0000000000000000e+00,4.0722647315895054e-02
4.0000000000000000e+00,0.0000000000000000e+00,0.0000000000000000e+00,3.1583840474261243e-02
5.0000000000000000e+00,0.0000000000000000e+00,0.0000000000000000e+00,7.1633294847439494e-02
6.0000000000000000e+00,0.0000000000000000e+00,0.0000000000000000e+00,6.8968247721438058e-02
7.0000000000000000e+00,0.0000000000000000e+00,0.0000000000000000e+00,5.9719270508250141e-02
8.0000000000000000e+00,0.0000000000000000e+00,0.0000000000000000e+00,1.9534488301932863e-02
9.0000000000000000e+00,0.0000000000000000e+00,0.0000000000000000e+00,2.3161370556263447e-04
1.0000000000000000e+01,0.0000000000000000e+00,0.0000000000000000e+00,6.8068750875324247e-04
1.1000000000000000e+01,0.0000000000000000e+00,0.0000000000000000e+00,1.8862031901160016e-03
1.2000000000000000e+01,0.0000000000000000e+00,0.0000000000000000e+00,9.2524197797352447e-03
1.3000000000000000e+01,0.0000000000000000e+00,0.0000000000000000e+00,1.3800053718842303e-02
1.4000000000000000e+01,0.0000000000000000e+00,0.0000000000000000e+00,1.4260437866554844e-02
1.5000000000000000e+01,0.0000000000000000e+00,0.0000000000000000e+00,9.8035783572495306e-03
1.6000000000000000e+01,0.0000000000000000e+00,0.0000000000000000e+00,5.5069846209935104e-03
1.7000000000000000e+01,0.0000000000000000e+00,0.0000000000000000e+00,7.4642716174508862e-03
1.8000000000000000e+01,0.0000000000000000e+00,0.0000000000000000e+00,1.4629096272917044e-02
1.9000000000000000e+01,0.0000000000000000e+00,0.0000000000000000e+00,2.0167147005051792e-02
2.0000000000000000e+01,0.0000000000000000e+00,0.0000000000000000e+00,2.2049855840855136e-02
2.1000000000000000e+01,0.0000000000000000e+00,0.0000000000000000e+00,1.8220981487851472e-02
2.2000000000000000e+01,0.0000000000000000e+00,0.0000000000000000e+00,1.4647031792897535e-02
2.3000000000000000e+01,0.0000000000000000e+00,0.0000000000000000e+00,2.1715069369255286e-02
2.4000000000000000e+01,0.0000000000000000e+00,0.0000000000000000e+00,2.2905217971131840e-02
2.5000000000000000e+01,0.0000000000000000e+00,0.0000000000000000e+00,2.3486224550780560e-02
2.6000000000000000e+01,0.0000000000000000e+00,0.0000000000000000e+00,3.3825579452714645e-02
2.7000000000000000e+01,0.0000000000000000e+00,0.0000000000000000e+00,3.4368197197551749e-02
2.8000000000000000e+01,0.0000000000000000e+00,0.0000000000000000e+00,3.4477288265150584e-02
2.9000000000000000e+01,0.0000000000000000e+00,0.0000000000000000e+00,3.8133174322534331e-02
3.0000000000000000e+01,0.0000000000000000e+00,0.0000000000000000e+00,3.0776198520041737e-02
3.1000000000000000e+01,0.0000000000000000e+00,0.0000000000000000e+00,2.6149956065003414e-02
3.2000000000000000e+01,0.0000000000000000e+00,0.0000000000000000e+00,2.4478793783496992e-02
3.3000000000000000e+01,0.0000000000000000e+00,0.0000000000000000e+00,1.4033302436168651e-02
3.4000000000000000e+01,0.0000000000000000e+00,0.0000000000000000e+00,1.0744043632094981e-02
3.5000000000000000e+01,0.0000000000000000e+00,0.0000000000000000e+00,1.4605091436495051e-02
3.6000000000000000e+01,0.0000000000000000e+00,0.0000000000000000e+00,1.1325980771975953e-02
3.7000000000000000e+01,0.0000000000000000e+00,0.0000000000000000e+00,1.3381949708725402e-02
3.8000000000000000e+01,0.0000000000000000e+00,0.0000000000000000e+00,1.8909920349013194e-02
3.9000000000000000e+01,0.0000000000000000e+00,0.0000000000000000e+00,1.6355979616408244e-02
4.0000000000000000e+01,0.0000000000000000e+00,0.0000000000000000e+00,1.6755800142156441e-02
4.1000000000000000e+01,0.0000000000000000e+00,0.0000000000000000e+00,1.7469224452713671e-02
4.2000000000000000e+01,0.0000000000000000e+00,0.0000000000000000e+00,1.3585518190497956e-02
4.3000000000000000e+01,3.4584595208887258e-323,0.0000000000000000e+00,1.3556439519670244e-02
4.4000000000000000e+01,6.8406254247466463e-318,0.0000000000000000e+00,1.2673763567235647e-02
4.5000000000000000e+01,8.7896894710398065e-313,0.0000000000000000e+00,8.8154702972069662e-03
4.6000000000000000e+01,8.1059132022845151e-308,0.0000000000000000e+00,9.4008143913686185e-03
4.7000000000000000e+01,5.5487198964216268e-303,4.9406564584124654e-324,1.0215435856104451e-02
4.8000000000000000e+01,2.8858201620284939e-298,8.0547522241498424e-320,8.2028528344113300e-03
4.9000000000000000e+01,1.1646474633907129e-293,1.0201515626730528e-315,8.9060217038533923e-03
5.0000000000000000e+01,3.7611414838119583e-289,1.0296353935752983e-311,9.8970434246389155e-03
5.1000000000000000e+01,9.7077405261493389e-285,8.3484878876158924e-308,9.6317415704168970e-03
5.2000000000000000e+01,2.0267739358098140e-280,5.4835936001265349e-304,1.0702002507618078e-02
5.3000000000000000e+01,3.4580458709112756e-276,2.9401094655693955e-300,1.2950262600138264e-02
5.4000000000000000e+01,4.8651120328651417e-272,1.2958488242093194e-296,1.6588250504754064e-02
5.5000000000000000e+01,5.6886550341411350e-268,4.7257860373625683e-293,1.8282218182399050e-02
5.6000000000000000e+01,5.5681543086030095e-264,1.4347509416284471e-289,1.9384938112679998e-02
5.7000000000000000e+01,4.5958944800605568e-260,3.6471601519822694e-286,1.9371833550666268e-02
5.8000000000000000e+01,3.2157352223814042e-256,7.8045210379299599e-283,1.6044737652006834e-02
5.9000000000000000e+01,1.9182117862700658e-252,1.4130547328489242e-279,1.6839404172488047e-02
6.0000000000000000e+01,9.8064438622705867e-249,2.1750839816729575e-276,1.5737238286473925e-02
6.1000000000000000e+01,4.3179699954587348e-245,2.8593266596658003e-273,1.1567401533783534e-02
6.2000000000000000e+01,1.6452467473193134e-241,3.2238831152680260e-270,1.3611017058045538e-02
6.3000000000000000e+01,5.4486588575656935e-238,3.1302339227423346e-267,1.2799114320737465e-02
6.4000000000000000e+01,1.5750486582475086e-234,2.6273225085343297e-264,1.1477097550956968e-02
6.5000000000000000e+01,3.9899302047962402e-231,1.9131724310854523e-261,1.5565947867562935e-02
6.6000000000000000e+01,8.8911284269795554e-228,1.2127649447112861e-258,1.4968110219843702e-02
6.7000000000000000e+01,1.7492226852811070e-224,6.7139070696597698e-256,1.4581341528306592e-02
6.8000000000000000e+01,3.0488405470911889e-221,3.2558545401072217e-253,1.7915611290015451e-02
6.9000000000000000e+01,4.7234953006470260e-218,1.3870247279884835e-250,1.6064007716574673e-02
7.0000000000000000e+01,6.5253886872125977e-215,5.2047303451239150e-248,1.4916317424860506e-02
7.1000000000000000e+01,8.0626872615622150e-212,1.7246528612027504e-245,1.7310878056136885e-02
7.2000000000000000e+01,8.9360087796067196e-209,5.0584890532083381e-243,1.3953330836050932e-02
7.3000000000000000e+01,8.9085201223168191e-206,1.3161804675932391e-240,1.2948758383574717e-02
7.4000000000000000e+01,8.0098433818676526e-203,3.0442529280066716e-238,1.7475745833203517e-02
7.5000000000000000e+01,6.5119391859985783e-200,6.2711703573868917e-236,1.5362563924670674e-02
7.6000000000000000e+01,4.7987869929836029e-197,1.1526273097583437e-233,1.5934806308008326e-02
7.7000000000000000e+01,3.2130118370031074e-194,1.8932609121316112e-231,2.0992116144478459e-02
7.8000000000000000e+01,1.9590156159751984e-191,2.7833120231673728e-229,1.8674562333489242e-02
7.9000000000000000e+01,1.0900722684536631e-188,3.6671808999479531e-227,1.9183439691477365e-02
8.0000000000000000e+01,5.5472233092746883e-186,4.3356301335773584e-225,2.1804930587455834e-02
8.1000000000000000e+01,2.5868778484292630e-183,4.6046243301159719e-223,1.8519508388439541e-02
8.2000000000000000e+01,1.1076448606553322e-180,4.3971807572232283e-221,1.9139363944911964e-02
8.3000000000000000e+01,4.3627765179820890e-178,3.7787997513828050e-219,2.0907861275990314e-02
8.4000000000000000e+01,1.5836062457423058e-175,2.9244369763559372e-217,1.7754341962775887e-02
8.5000000000000000e+01,5.3065120537198815e-173,2.0393945420651148e-215,1.6586637856805194e-02
8.6000000000000000e+01,1.6442881532299368e-170,1.2821871636099405e-213,1.6692575675723329e-02
8.7000000000000000e+01,4.7190771882316950e-168,7.2707882880568388e-212,1.4456543096079744e-02
8.8000000000000000e+01,1.2563937694229516e-165,3.7201566910001153e-210,1.2998479864423339e-02
8.9000000000000000e+01,3.1077055445923914e-163,1.7181390519179797e-208,1.3037613399982384e-02
9.0000000000000000e+01,7.1520893557319928e-161,7.1656976979545924e-207,1.2266308662400877e-02
9.1000000000000000e+01,1.5336182606464462e-158,2.7001367196855825e-205,1.1596586787650796e-02
9.2000000000000000e+01,3.0682079929713509e-156,9.1984457830463088e-204,1.2735295711651395e-02
9.3000000000000000e+01,5.7346633155567256e-154,2.8350235550418293e-202,1.2996164380867909e-02
9.4000000000000000e+01,1.0026293107712107e-151,7.9103649234001689e-201,1.2033453866783582e-02
9.5000000000000000e+01,1.6417917060851334e-149,1.9986166754336609e-199,1.2930942912919706e-02
9.6000000000000000e+01,2.5209231222803563e-147,4.5683430810396745e-198,1.2542215087856639e-02
9.7000000000000000e+01,3.6338523133658488e-145,9.4169282865451780e-197,1.0860396295870942e-02
9.8000000000000000e+01,4.9229738564426128e-143,1.7384077088599322e-195,1.2053675588738962e-02
9.9000000000000000e+01,6.2749703527165536e-141,2.8376208823440971e-194,1.1502349369635711e-02
1.0000000000000000e+02,7.5331475487621864e-139,4.0116226765153837e-193,9.8381342265756837e-03
1.0100000000000000e+02,8.5263801044884906e-137,4.7658160170172300e-192,1.2392292407307687e-02
1.0200000000000000e+02,9.1076358754126596e-135,4.6106611164801980e-191,1.3289702937990014e-02
1.0300000000000000e+02,9.1900059611226739e-133,3.8207113837355950e-190,1.2448618986726979e-02
1.0400000000000000e+02,8.7679702748905384e-131,4.2533213104504610e-189,1.5415310667054070e-02
1.0500000000000000e+02,7.9167603371308830e-129,8.9218192793218032e-188,1.5990393385298684e-02
1.0600000000000000e+02,6.7708247124256574e-127,1.9239845073002711e-186,1.4531381948186185e-02
1.0700000000000000e+02,5.4897261506348418e-125,3.1562702958343231e-185,1.7291362680225957e-02
1.0800000000000000e+02,4.2231210307342565e-123,3.7956191177936968e-184,1.7077241407228581e-02
1.0900000000000000e+02,3.0848816368663420e-121,3.4132490171647600e-183,1.4937705347237568e-02
1.1000000000000000e+02,2.1414308980153117e-119,2.7930069831033579e-182,1.7733598583369557e-02
1.1100000000000000e+02,1.4137058952754886e-117,3.5180643476652990e-181,1.7252529512029081e-02
1.1200000000000000e+02,8.8822527506237216e-116,6.1298501890289938e-180,1.4953778848058451e-02
1.1300000000000000e+02,5.3150446050001308e-114,8.9430106333161224e-179,1.7171141655049856e-02
1.1400000000000000e+02,3.0311852188881110e-112,9.6475809427865242e-178,1.6215888113146414e-02
1.1500000000000000e+02,1.6486691835489508e-110,8.3187077268772903e-177,1.4042671829120820e-02
1.1600000000000000e+02,8.5576733465544715e-109,7.7191590666604655e-176,1.5246981578599135e-02
1.1700000000000000e+02,4.2418655035583500e-107,9.7845298256805332e-175,1.3725183481244905e-02
1.1800000000000000e+02,2.0091271416839860e-105,1.2826018405032893e-173,1.2235770286208016e-02
1.1900000000000000e+02,9.0985111093421321e-104,1.3689240291323310e-172,1.3652368243377729e-02
1.2000000000000000e+02,3.9418637983037231e-102,1.2103159131921322e-171,1.3078010592423145e-02
1.2100000000000000e+02,1.6347465873969893e-100,1.0918347178235325e-170,1.2597467446718467e-02
1.2200000000000000e+02,6.4932086535545636e-99,1.1866123627584624e-169,1.3613451111519069e-02
1.2300000000000000e+02,2.4715222267028321e-97,1.3201337237256356e-168,1.3310040121248187e-02
1.2400000000000000e+02,9.0197783631405581e-96,1.2610365671872789e-167,1.2671370096003156e-02
1.2500000000000000e+02,3.1577469223041425e-94,1.0656955214502164e-166,1.2699893710633389e-02
1.2600000000000000e+02,1.0610283182936422e-92,9.5536742557148734e-166,1.2716056589495933e-02
1.2700000000000000e+02,3.4233969764635751e-91,9.6493136232746498e-165,1.1729207121018138e-02
1.2800000000000000e+02,1.0611459631948942e-89,9.2847615532032025e-164,1.2012797039968593e-02
1.2900000000000000e+02,3.1614198838895053e-88,7.7450527486670356e-163,1.3685480444585996e-02
1.3000000000000000e+02,9.0568018838109555e-87,6.2182455106704118e-162,1.2783189356635360e-02
1.3100000000000000e+02,2.4960001516838135e-85,5.6019056975225115e-161,1.3630353867253213e-02
1.3200000000000000e+02,6.6203041145591149e-84,5.2160671698300898e-160,1.6137809183118360e-02
1.3300000000000000e+02,1.6906615085405775e-82,4.2789874978718012e-159,1.5057190931221334e-02
1.3400000000000000e+02,4.1587036697072138e-81,3.1810768433014000e-158,1.5633819941018871e-02
1.3500000000000000e+02,9.8572230745853484e-80,2.5711646889168279e-157,1.6434927026648758e-02
1.3600000000000000e+02,2.2522409559128723e-78,2.2771855299736505e-156,1.4129462877007703e-02
1.3700000000000000e+02,4.9625271729460581e-77,1.8294926214284071e-155,1.4296087255749235e-02
1.3800000000000000e+02,1.0548208959412475e-75,1.2824507141897153e-154,1.3993566459519977e-02
1.3900000000000000e+02,2.1637063645915292e-74,9.3917511921841628e-154,1.1616345087415592e-02
1.4000000000000000e+02,4.2846344875423328e-73,7.8244179112658227e-153,1.1759469037947692e-02
1.4100000000000000e+02,8.1935740226359770e-72,6.1153751239700390e-152,1.1724899112536971e-02
1.4200000000000000e+02,1.5136369356251752e-70,4.0851332086923884e-151,1.0526827580798780e-02
1.4300000000000000e+02,2.7020897374338544e-69,2.7502023714645206e-150,1.0748525500688477e-02
1.4400000000000000e+02,4.6627808908320904e-68,2.1455072852927284e-149,1.1140201070849022e-02
1.4500000000000000e+02,7.7802130429727474e-67,1.6168061792882925e-148,1.0893922203536948e-02
1.4600000000000000e+02,1.2556538484518721e-65,1.0332352531901382e-147,1.1174055155607585e-02
1.4700000000000000e+02,1.9606849196868329e-64,6.4955409103034973e-147,1.1737237060986666e-02
1.4800000000000000e+02,2.9629848137666385e-63,4.7515340686994004e-146,1.1645233028290220e-02
1.4900000000000000e+02,4.3346696451425848e-62,3.4195542159465302e-145,1.1890673993909723e-02
1.5000000000000000e+02,6.1405286049564066e-61,2.0910616675383250e-144,1.2271347927859690e-02
1.5100000000000000e+02,8.4254667631043103e-60,1.2466892080059918e-143,1.1774749257100207e-02
1.5200000000000000e+02,1.1200387800728039e-58,8.5867190103395219e-143,1.2014384727033298e-02
1.5300000000000000e+02,1.4428881448942086e-57,5.8426424185636506e-142,1.2620277282212556e-02
1.5400000000000000e+02,1.8017714656366696e-56,3.4178324168553865e-141,1.2289105111949842e-02
1.5500000000000000e+02,2.1814157775533666e-55,1.9629257621008608e-140,1.2181026625623941e-02
1.5600000000000000e+02,2.5612418587707316e-54,1.2772193197914884e-139,1.2737266432469462e-02
1.5700000000000000e+02,2.9169924377507045e-53,8.1319280169893287e-139,1.3187008249087414e-02
1.5800000000000000e+02,3.2232152710067902e-52,4.5624631463696854e-138,1.3127667284683271e-02
1.5900000000000000e+02,3.4562643846062800e-51,2.5625355319213952e-137,1.3804526118035124e-02
1.6000000000000000e+02,3.5973297646216996e-50,1.5731025920118474e-136,1.4480661856899908e-02
1.6100000000000000e+02,3.6349542664749337e-49,9.2899748747882472e-136,1.3849561296862272e-02
1.6200000000000000e+02,3.5665688388431747e-48,5.0450422647407079e-135,1.4721599068013080e-02
1.6300000000000000e+02,3.3987611592490955e-47,2.8016097067525112e-134,1.5257729229068468e-02
1.6400000000000000e+02,3.1462439770531951e-46,1.6085028403723484e-133,1.3947241194624902e-02
1.6500000000000000e+02,2.8297442435450789e-45,8.7875826828513752e-133,1.5258212762744071e-02
1.6600000000000000e+02,2.4732292668936636e-44,4.7024483025144231e-132,1.5914336742558322e-02
1.6700000000000000e+02,2.1009777112871463e-43,2.5816615200588713e-131,1.4671342912195925e-02
1.6800000000000000e+02,1.7349782238290435e-42,1.3654262278504799e-130,1.5881005635301020e-02
1.6900000000000000e+02,1.3930156454562648e-41,6.9755419242771396e-130,1.5444587777116547e-02
1.7000000000000000e+02,1.0876258030308550e-40,3.7610415213011016e-129,1.3970883708669167e-02
1.7100000000000000e+02,8.2591445509290805e-40,2.0052359680264547e-128,1.4641756317556279e-02
1.7200000000000000e+02,6.1008679224527155e-39,9.6325465892558045e-128,1.3525990875653765e-02
1.7300000000000000e+02,4.3844648241092460e-38,4.7463428613941414e-127,1.2666379598784607e-02
1.7400000000000000e+02,3.0660267656140298e-37,2.6099444397802817e-126,1.3050952788303203e-02
1.7500000000000000e+02,2.0865763171060360e-36,1.3050430524230539e-125,1.2188595727088315e-02
1.7600000000000000e+02,1.3821490356952363e-35,5.6955368831407053e-125,1.2146997532972220e-02
1.7700000000000000e+02,8.9125053002255257e-35,2.8420989572329162e-124,1.1804597879164132e-02
1.7800000000000000e+02,5.5953846746515060e-34,1.5676788581101244e-123,1.0994033019133830e-02
1.7900000000000000e+02,3.4206223995926965e-33,7.0676997309537251e-123,1.1177503602325169e-02
1.8000000000000000e+02,2.0364988853606087e-32,2.8891152974380363e-122,1.0888573273121415e-02
1.8100000000000000e+02,1.1809322237893102e-31,1.5248849539403424e-121,1.1157358197112137e-02
1.8200000000000000e+02,6.6709025264083256e-31,8.0310707824184532e-121,1.1362198856675830e-02
1.8300000000000000e+02,3.6712957482267924e-30,3.1881480961879914e-120,1.1093155189772377e-02
1.8400000000000000e+02,1.9687246774744521e-29,1.3059556615771901e-119,1.2098342665720309e-02
1.8500000000000000e+02,1.0288132962625103e-28,7.2930579104830494e-119,1.2212940896171365e-02
1.8600000000000000e+02,5.2399700358880030e-28,3.4483032626146578e-118,1.2152378581725725e-02
1.8700000000000000e+02,2.6014532595930688e-27,1.2210856625872708e-117,1.3351387867257964e-02
1.8800000000000000e+02,1.2590771407402213e-26,5.4355713287619903e-117,1.3174967464132313e-02
1.8900000000000000e+02,5.9414399635532811e-26,3.0300006713558971e-116,1.3223885360498212e-02
1.9000000000000000e+02,2.7339345520832933e-25,1.2308525546053852e-115,1.4291842489996168e-02
1.9100000000000000e+02,1.2268617200117208e-24,4.1434883611840243e-115,1.3852114156053872e-02
1.9200000000000000e+02,5.3699288094494897e-24,2.0791859148635840e-114,1.3946370497202182e-02
1.9300000000000000e+02,2.2927754272160918e-23,1.0632989549666506e-113,1.4865284892400722e-02
1.9400000000000000e+02,9.5505799571781253e-23,3.6929552435692348e-113,1.4050783041936604e-02
1.9500000000000000e+02,3.8817627338097858e-22,1.3072836436522915e-112,1.4026137544944814e-02
1.9600000000000000e+02,1.5396279187281672e-21,7.0527196911096555e-112,1.5211514531549985e-02
1.9700000000000000e+02,5.9600176273947605e-21,3.1071138253294090e-111,1.4400571551473182e-02
1.9800000000000000e+02,2.2520744159408074e-20,9.6485068488546686e-111,1.4051392477721514e-02
1.9900000000000000e+02,8.3077031076125717e-20,3.8846990693646948e-110,1.4837699928731395e-02
2.0000000000000000e+02,2.9922862854098475e-19,2.0415994676570864e-109,1.3829913469690574e-02
2.0100000000000000e+02,1.0524745146620505e-18,7.6084898911850725e-109,1.3558958525874333e-02
2.0200000000000000e+02,3.6155151252688870e-18,2.3045128819800568e-108,1.3698277695036131e-02
2.0300000000000000e+02,1.2132337056715360e-17,1.0499917114579851e-107,1.2149876169209452e-02
2.0400000000000000e+02,3.9774228028699663e-17,4.9512366495858846e-107,1.2324273678939259e-02
2.0500000000000000e+02,1.2741226915085710e-16,1.6034382859287737e-106,1.2910055311070683e-02
2.0600000000000000e+02,3.9888168186667360e-16,5.1702467153757674e-106,1.1829270634653164e-02
2.0700000000000000e+02,1.2206002875368383e-15,2.4677687143058487e-105,1.1953759945985428e-02
2.0800000000000000e+02,3.6515280708226596e-15,1.0106632778760206e-104,1.2208488944779735e-02
2.0900000000000000e+02,1.0681321870117585e-14,3.0163410852770516e-104,1.1523460267669322e-02
2.1000000000000000e+02,3.0556531326583200e-14,1.0709698685405751e-103,1.1677803671941368e-02
2.1100000000000000e+02,8.5505374997509433e-14,4.9306793803231703e-103,1.1707076111824472e-02
2.1200000000000000e+02,2.3408672137423114e-13,1.7732064982014554e-102,1.1134850381998509e-02
2.1300000000000000e+02,6.2710436732948049e-13,5.1883384215243859e-102,1.1161004726325415e-02
2.1400000000000000e+02,1.6442586324881550e-12,1.9746459672948364e-101,1.1200344534769934e-02
2.1500000000000000e+02,4.2204331562220023e-12,8.4002972927429098e-101,1.0744476214256178e-02
2.1600000000000000e+02,1.0606972201027046e-11,2.7393934111908997e-100,1.0546190257676754e-02
2.1700000000000000e+02,2.6107521657235536e-11,8.1358750230748450e-100,1.0591985127347384e-02
2.1800000000000000e+02,6.2946723345835298e-11,3.1744792897236930e-99,1.0289053048040408e-02
2.1900000000000000e+02,1.4869905574683435e-10,1.2405915491629153e-98,1.0077723545125854e-02
2.2000000000000000e+02,3.4424355631335918e-10,3.7723820834081427e-98,1.0553616579159391e-02
2.2100000000000000e+02,7.8116206783508412e-10,1.1446879367466709e-97,1.0557016145215026e-02
2.2200000000000000e+02,1.7379180894411840e-09,4.4623274640368493e-97,1.0267631695472087e-02
2.2300000000000000e+02,3.7916213710175859e-09,1.6100819258298319e-96,1.1246931981921246e-02
2.2400000000000000e+02,8.1137565605407659e-09,4.6171362762147595e-96,1.1552774106743987e-02
2.2500000000000000e+02,1.7033856281786847e-08,1.4389625241576046e-95,1.1085938888327672e-02
2.2600000000000000e+02,3.5090456673262972e-08,5.5515543527962803e-95,1.2198551206753019e-02
2.2700000000000000e+02,7.0947834718601115e-08,1.8361225135185932e-94,1.2337066649309742e-02
2.2800000000000000e+02,1.4081535665285284e-07,5.0065162037949772e-94,1.1742380050188617e-02
2.2900000000000000e+02,2.7441354348424108e-07,1.6381518611412981e-93,1.3273735264747418e-02
2.3000000000000000e+02,5.2515375697407469e-07,6.1280843981281097e-93,1.3362969478438546e-02
2.3100000000000000e+02,9.8712032231981705e-07,1.8218339749855587e-92,1.2634801332447211e-02
2.3200000000000000e+02,1.8227613758445358e-06,4.8869176419699151e-92,1.4024275791388017e-02
2.3300000000000000e+02,3.3070053700056002e-06,1.7114492268016542e-91,1.3118767334449595e-02
2.3400000000000000e+02,5.8958997646595873e-06,5.9177316655617317e-91,1.1970305495643556e-02
2.3500000000000000e+02,1.0330832627732189e-05,1.5695659784647581e-90,1.3685256095528502e-02
2.3600000000000000e+02,1.7792845513563821e-05,4.4570338502078501e-90,1.2877109322670702e-02
2.3700000000000000e+02,3.0125183781243740e-05,1.6261978389416513e-89,1.2083334095300222e-02
2.3800000000000000e+02,5.0145483692650794e-05,4.8969609948174173e-89,1.3755839348938892e-02
2.3900000000000000e+02,8.2070917419422676e-05,1.2059034437898996e-88,1.2907312301162335e-02
2.4000000000000000e+02,1.3207882022685786e-04,3.9088887608873045e-88,1.2385453167961189e-02
2.4100000000000000e+02,2.0901996968812630e-04,1.3624971540994852e-87,1.3288529978348888e-02
2.4200000000000000e+02,3.2528957651023477e-04,3.4418870622033964e-87,1.1803148719145591e-02
2.4300000000000000e+02,4.9783986969520249e-04,8.7995448205408685e-87,1.1352567803540312e-02
2.4400000000000000e+02,7.4928593942592250e-04,3.2460087584701559e-86,1.2361016089908030e-02
2.4500000000000000e+02,1.1090122682402247e-03,9.7359751068470728e-86,1.1437660657890973e-02
2.4600000000000000e+02,1.6141320385316493e-03,2.1064492487022658e-85,1.1054496230401003e-02
2.4700000000000000e+02,2.3100886086514782e-03,6.4723417235637748e-85,1.1757130420263648e-02
2.4800000000000000e+02,3.2506260159460868e-03,2.4287375443489118e-84,1.1323551748170620e-02
2.4900000000000000e+02,4.4968048281322686e-03,5.8306003200315175e-84,1.1094671729973169e-02
2.5000000000000000e+02,6.1147171512546923e-03,1.2160512690884735e-83,1.1509644616031229e-02
2.5100000000000000e+02,8.1715791465681448e-03,4.7407896930170979e-83,1.1178134667377529e-02
2.5200000000000000e+02,1.0729970511637325e-02,1.5640349804352795e-82,1.0610055140139440e-02
2.5300000000000000e+02,1.3840164012043280e-02,2.9701418100684160e-82,1.0869232128449946e-02
2.5400000000000000e+02,1.7530751498749816e-02,7.3590126978093109e-82,1.1210128806442685e-02
2.5500000000000000e+02,2.1798118477748235e-02,3.2190772334190546e-81,1.0786197404120058e-02
2.5600000000000000e+02,2.6595719848740873e-02,8.4829810202533094e-81,1.1080990931374520e-02
2.5700000000000000e+02,3.1824514393605757e-02,1.3856756899237228e-80,1.1568031714916851e-02
2.5800000000000000e+02,3.7326251974311844e-02,4.7299775824372600e-80,1.0834162596122306e-02
2.5900000000000000e+02,4.2881485793930058e-02,1.9034424449441285e-79,1.1569415990602936e-02
2.6000000000000000e+02,4.8214109131798792e-02,3.9118477928817447e-79,1.2502728776356260e-02
2.6100000000000000e+02,5.3003812864916448e-02,6.7681203548867672e-79,1.1281804088367620e-02
2.6200000000000000e+02,5.6907085059942381e-02,2.9302903492517139e-78,1.1924859181277695e-02
2.6300000000000000e+02,5.9586244935366059e-02,9.5431003495452073e-78,1.2889389393415071e-02
2.6400000000000000e+02,6.0744615720199742e-02,1.6181032082450818e-77,1.1613060846894679e-02
2.6500000000000000e+02,6.0164472784862109e-02,3.6969875226104138e-77,1.2473953166834018e-02
2.6600000000000000e+02,5.7743105635322388e-02,1.5993402509112730e-76,1.3162411352079496e-02
2.6700000000000000e+02,5.3521496930531133e-02,4.0795429788555227e-76,1.1690664992810525e-02
2.6800000000000000e+02,4.7700031349103209e-02,6.6566241159934094e-76,1.2891276426779728e-02
2.6900000000000000e+02,4.0636511467583347e-02,2.0536070172854407e-75,1.3669236639834485e-02
2.7000000000000000e+02,3.2823647158622231e-02,7.4179018398926760e-75,1.2235485038805572e-02
2.7100000000000000e+02,2.4845977656018980e-02,1.5436379450608914e-74,1.3403214213206862e-02
2.7200000000000000e+02,1.7319544678558136e-02,2.9608041619540604e-74,1.3906355593148243e-02
2.7300000000000000e+02,1.0821030105166466e-02,1.0318135359104237e-73,1.2526651456403670e-02
2.7400000000000000e+02,5.8158491687662897e-03,2.9317067394333818e-73,1.3596879065885826e-02
2.7500000000000000e+02,2.5961909750281077e-03,5.5463251257309455e-73,1.3597566789277434e-02
2.7600000000000000e+02,1.2397032832918581e-03,1.3753692987430237e-72,1.1966246770208532e-02
2.7700000000000000e+02,1.5971931621897942e-03,4.4631671263923509e-72,1.2703364984734098e-02
2.7800000000000000e+02,3.3135161184878049e-03,1.0174620447681418e-71,1.2679278391988276e-02
2.7900000000000000e+02,5.8803371906236647e-03,2.0357776615922565e-71,1.1518780235674918e-02
2.8000000000000000e+02,8.7136187049754107e-03,6.0593247863253493e-71,1.1927813658308587e-02
2.8100000000000000e+02,1.1243679413689917e-02,1.6630023781268754e-70,1.1487196473326352e-02
2.8200000000000000e+02,1.3002609615825049e-02,3.2742973779149988e-70,1.0521283749249592e-02
2.8300000000000000e+02,1.3693554011308765e-02,7.7284935617472053e-70,1.1048859965793172e-02
2.8400000000000000e+02,1.3229197941987616e-02,2.3863037546860481e-69,1.1148438759858836e-02
2.8500000000000000e+02,1.1732357469263195e-02,5.4910410368395266e-69,1.0688206377286343e-02
2.8600000000000000e+02,9.4988673840642295e-03,1.0402479391041737e-68,1.1045957109431037e-02
2.8700000000000000e+02,6.9304897212003110e-03,2.8769997164109083e-68,1.1244670584833815e-02
2.8800000000000000e+02,4.4516683655146964e-03,8.3094622210947231e-68,1.0878586554896416e-02
2.8900000000000000e+02,2.4271980284443799e-03,1.6817065844516046e-67,1.0884493381811812e-02
2.9000000000000000e+02,1.0974210263288485e-03,3.3609095906128858e-67,1.1070549102647060e-02
2.9100000000000000e+02,5.4342380357415819e-04,9.9256271269111409e-67,1.0638287075494843e-02
2.9200000000000000e+02,6.8778452487047064e-04,2.6038754282544610e-66,1.0479864070511524e-02
2.9300000000000000e+02,1.3283423184295077e-03,5.0089682329547809e-66,1.1228692529643716e-02
2.9400000000000000e+02,2.1951616624530925e-03,1.0770266808460576e-65,1.1013323694197460e-02
2.9500000000000000e+02,3.0161250825426560e-03,3.0947240734982515e-65,1.0799484209068032e-02
2.9600000000000000e+02,3.5755339800878088e-03,7.5767299215080293e-65,1.1962931322033703e-02
2.9700000000000000e+02,3.7529041052106835e-03,1.4844889982514961e-64,1.1523294268689047e-02
2.9800000000000000e+02,3.5349661662595479e-03,3.2653605483072359e-64,1.1240372868811750e-02
2.9900000000000000e+02,3.0010900245216274e-03,8.7427303071653907e-64,1.2634103318136851e-02
3.0000000000000000e+02,2.2889739767904117e-03,2.1129614694804241e-63,1.1749025212654555e-02
3.0100000000000000e+02,1.5517329310112847e-03,4.3168279373132769e-63,1.1560730999129052e-02
3.0200000000000000e+02,9.1845617254278117e-04,9.0639519202569997e-63,1.3238397297904140e-02
3.0300000000000000e+02,4.6786780367254877e-04,2.2824039787821081e-62,1.2357714480642268e-02
3.0400000000000000e+02,2.1987506665029790e-04,5.7448555982580108e-62,1.2304676408193124e-02
3.0500000000000000e+02,1.4415255927895739e-04,1.1921834895371245e-61,1.3427221817621965e-02
3.0600000000000000e+02,1.8023253322298444e-04,2.2807111294252380e-61,1.2087191518234742e-02
3.0700000000000000e+02,2.6117121475143558e-04,5.6581031431762922e-61,1.1968376240965077e-02
3.0800000000000000e+02,3.3322477894901951e-04,1.5160502876156388e-60,1.2646408655824299e-02
3.0900000000000000e+02,3.6664116861485387e-04,3.0419209289304021e-60,1.1343730525738992e-02
3.1000000000000000e+02,3.5647429037351014e-04,5.2455522465187838e-60,1.1378451109164203e-02
3.1100000000000000e+02,3.1580706378381366e-04,1.3628936904035331e-59,1.1771783588297099e-02
3.1200000000000000e+02,2.6574808620775128e-04,3.8116551217220027e-59,1.0689820273376421e-02
3.1300000000000000e+02,2.2654298759835763e-04,7.0711271700799204e-59,1.1023399935367743e-02
3.1400000000000000e+02,2.1243925543306606e-04,1.1264019285241939e-58,1.1498149533065400e-02
3.1500000000000000e+02,2.3052951063333630e-04,3.2136894218707670e-58,1.0854415002378364e-02
3.1600000000000000e+02,2.8185135293021718e-04,8.9502482464651264e-58,1.1304554482935974e-02
3.1700000000000000e+02,3.6241761755350521e-04,1.4939788579426149e-57,1.1706977008465059e-02
3.1800000000000000e+02,4.6277675424140417e-04,2.3216840118435310e-57,1.1420902804121289e-02
3.1900000000000000e+02,5.6657083335991273e-04,7.3447137283007716e-57,1.1785793371227784e-02
3.2000000000000000e+02,6.5026741725534361e-04,1.9358696900699051e-56,1.1879120160416758e-02
3.2100000000000000e+02,6.8669496265031380e-04,2.8857296268887560e-56,1.1567901759415139e-02
3.2200000000000000e+02,6.5367236249251734e-04,4.7023254541992669e-56,1.1587868395911681e-02
3.2300000000000000e+02,5.4625158966042171e-04,1.5973572856478437e-55,1.1589877910589916e-02
3.2400000000000000e+02,3.8808956542361829e-04,3.8309287613740697e-55,1.1479204009833118e-02
3.2500000000000000e+02,2.3581036157513551e-04,5.1572315639311333e-55,1.1264282119132552e-02
3.2600000000000000e+02,1.7116343167586668e-04,9.4359026249485781e-55,1.1328601175948187e-02
3.2700000000000000e+02,2.7959582085982650e-04,3.2516497564573718e-54,1.1505116275689464e-02
3.2800000000000000e+02,6.1950928837492991e-04,6.9274171918325372e-54,1.1242552509573921e-02
3.2900000000000000e+02,1.1918606832837172e-03,8.6758388847418954e-54,1.1544421369301132e-02
3.3000000000000000e+02,1.9224260605497539e-03,1.8597281715058465e-53,1.1799854600948088e-02
3.3100000000000000e+02,2.6671798364370286e-03,6.1325145509156748e-53,1.1112470271694017e-02
3.3200000000000000e+02,3.2445956692129701e-03,1.1478222620654147e-52,1.1602625859745825e-02
3.3300000000000000e+02,3.4889817320982361e-03,1.4037241261762179e-52,1.2289545778372326e-02
3.3400000000000000e+02,3.3095605979835824e-03,3.5402039495898111e-52,1.1748239652049120e-02
3.3500000000000000e+02,2.7347448433672678e-03,1.0669920148464340e-51,1.2528633612458536e-02
3.3600000000000000e+02,1.9227944358887761e-03,1.7536795515935543e-51,1.2873995879946754e-02
3.3700000000000000e+02,1.1292815171379069e-03,2.2334303984770804e-51,1.1859061633546285e-02
3.3800000000000000e+02,6.3613522307137801e-04,6.4077060181944631e-51,1.2593096258518321e-02
3.3900000000000000e+02,6.6174121743762691e-04,1.7122096797192978e-50,1.2308728503803797e-02
3.4000000000000000e+02,1.2810983685560559e-03,2.4962956507821870e-50,1.1072604272126634e-02
3.4100000000000000e+02,2.3851500006410405e-03,3.5481026927965801e-50,1.2081629881052817e-02
3.4200000000000000e+02,3.6979364549623783e-03,1.0904000750686090e-49,1.1842582365867079e-02
3.4300000000000000e+02,4.8518176754693138e-03,2.5389791130996273e-49,1.1183252994245139e-02
3.4400000000000000e+02,5.5005670905647437e-03,3.3611560161709298e-49,1.2361019394758279e-02
3.4500000000000000e+02,5.4348715614416952e-03,5.6291855668304101e-49,1.1874551206468685e-02
3.4600000000000000e+02,4.6607298516416580e-03,1.7314441907680737e-48,1.1381309917534502e-02
3.4700000000000000e+02,3.4109338731259770e-03,3.4898104615986717e-48,1.2221865227642983e-02
3.4800000000000000e+02,2.0809458943544324e-03,4.3639925525485258e-48,1.1353306443755547e-02
3.4900000000000000e+02,1.1063378789470349e-03,8.7855603819279237e-48,1.0821708861668285e-02
3.5000000000000000e+02,8.2050972438378448e-04,2.5524130618321130e-47,1.1380234505819717e-02
3.5100000000000000e+02,1.3405142185043339e-03,4.4644116729305724e-47,1.0712363499931326e-02
3.5200000000000000e+02,2.5213985378981789e-03,5.5684691682161338e-47,1.0727949142644910e-02
3.5300000000000000e+02,3.9973211363377734e-03,1.3193171282615634e-46,1.1375160071673766e-02
3.5400000000000000e+02,5.2981601971325600e-03,3.4814832136643360e-46,1.1009606689518966e-02
3.5500000000000000e+02,6.0037623657861290e-03,5.3459557026515661e-46,1.1218410528449716e-02
3.5600000000000000e+02,5.8840012152512680e-03,7.0637348520794535e-46,1.1617280844385776e-02
3.5700000000000000e+02,4.9767054506518714e-03,1.8692515982481086e-45,1.1597889678949690e-02
3.5800000000000000e+02,3.5762293292007463e-03,4.3886599655057316e-45,1.1814336740741080e-02
3.5900000000000000e+02,2.1359102383250611e-03,6.0410524958603881e-45,1.1783328434881139e-02
3.6000000000000000e+02,1.1172931996796876e-03,8.8897375569600606e-45,1.1980449546661529e-02
3.6100000000000000e+02,8.3739358366961749e-04,2.4660004327498403e-44,1.2046530559368353e-02
3.6200000000000000e+02,1.3658766510003788e-03,5.1193730705336914e-44,1.1885968034074643e-02
3.6300000000000000e+02,2.5065425676780587e-03,6.5142237701314952e-44,1.2244363354985651e-02
3.6400000000000000e+02,3.8680521397181618e-03,1.0957438788035629e-43,1.1836528990277822e-02
3.6500000000000000e+02,4.9979062326389011e-03,3.0106874869034212e-43,1.1545506366313780e-02
3.6600000000000000e+02,5.5323881836530416e-03,5.5491025635010986e-43,1.2029594584703759e-02
3.6700000000000000e+02,5.3110430179631246e-03,6.7818043549365576e-43,1.1398950610822271e-02
3.6800000000000000e+02,4.4184303695592748e-03,1.2985795579477724e-42,1.1120368566095166e-02
3.6900000000000000e+02,3.1426668357379854e-03,3.3951955100430137e-42,1.1430653434122012e-02
3.7000000000000000e+02,1.8694877274739983e-03,5.6281925154598620e-42,1.0547702256476367e-02
3.7100000000000000e+02,9.5157779225946517e-04,6.8894613944231538e-42,1.0613039366007465e-02
3.7200000000000000e+02,5.9871420976779686e-04,1.4587970711463155e-41,1.1298257408492851e-02
3.7300000000000000e+02,8.2380150458109477e-04,3.5447360346159062e-41,1.0547194370977373e-02
3.7400000000000000e+02,1.4580542772077868e-03,5.3855694177952684e-41,1.0723061772310413e-02
3.7500000000000000e+02,2.2239518982612580e-03,6.8287892581199612e-41,1.1472780046749830e-02
3.7600000000000000e+02,2.8359802931492272e-03,1.5308845065954391e-40,1.0950753894495655e-02
3.7700000000000000e+02,3.0925728433681466e-03,3.4309312278621215e-40,1.1302069775611986e-02
3.7800000000000000e+02,2.9293644639280299e-03,4.9062505155551610e-40,1.1756213656928513e-02
3.7900000000000000e+02,2.4203975069658169e-03,6.5995878096602702e-40,1.0852694470920582e-02
3.8000000000000000e+02,1.7335257883261258e-03,1.5000490884639985e-39,1.1178305189102849e-02
3.8100000000000000e+02,1.0615599598259441e-03,3.1043055679417308e-39,1.1862658739722552e-02
3.8200000000000000e+02,5.5643577351734716e-04,4.2886508099937746e-39,1.1102221901070072e-02
3.8300000000000000e+02,2.8870163858194539e-04,6.1102637358966009e-39,1.1255548279394441e-02
3.8400000000000000e+02,2.4205502025922005e-04,1.3567327457345168e-38,1.1696451857811027e-02
3.8500000000000000e+02,3.3833235997685171e-04,2.6289495536973589e-38,1.1014989096516244e-02
3.8600000000000000e+02,4.7808777955283600e-04,3.6448746727926679e-38,1.1241177671084981e-02
3.8700000000000000e+02,5.7904386411001575e-04,5.5483372377656223e-38,1.1530014961762021e-02
3.8800000000000000e+02,5.9910037972898326e-04,1.1888198187420043e-37,1.0850758004953576e-02
3.8900000000000000e+02,5.3918116920019152e-04,2.2225811101043701e-37,1.1094331683371140e-02
3.9000000000000000e+02,4.2980906397504381e-04,3.2620710653154002e-37,1.1627944891945675e-02
3.9100000000000000e+02,3.1056728398325015e-04,5.3358940236965296e-37,1.1388000578582965e-02
3.9200000000000000e+02,2.1218360742542245e-04,1.1065196806696361e-36,1.1492041592459309e-02
3.9300000000000000e+02,1.4761201632585363e-04,2.1507330659466256e-36,1.1850272771039451e-02
3.9400000000000000e+02,1.1329762392868118e-04,3.8613635374758818e-36,1.1541343944811424e-02
3.9500000000000000e+02,9.7217578373167787e-05,7.8984731643845387e-36,1.1302362445539792e-02
3.9600000000000000e+02,8.8093336166278406e-05,1.8399557174648261e-35,1.1694278692181979e-02
3.9700000000000000e+02,8.0941277854200324e-05,4.2602206763075157e-35,1.1458279610450978e-02
3.9800000000000000e+02,7.7072567885002976e-05,9.7248403639695342e-35,1.1118722469010106e-02
3.9900000000000000e+02,8.0022704404862592e-05,2.2954900971171372e-34,1.1817960298279622e-02
4.0000000000000000e+02,9.0884122303682663e-05,5.6304250736461001e-34,1.1826664309174959e-02
4.0100000000000000e+02,1.0623167571939350e-04,1.4056656651073497e-33,1.1462027476139962e-02
4.0200000000000000e+02,1.1972645474198776e-04,3.5379495101207274e-33,1.2022229762715358e-02
4.0300000000000000e+02,1.2600885785871176e-04,8.9613236539281220e-33,1.1613424673770759e-02
4.0400000000000000e+02,1.2415107702634041e-04,2.2729307635004318e-32,1.0967891722455970e-02
4.0500000000000000e+02,1.1839485226215303e-04,5.7374405168347712e-32,1.1558342072015140e-02
4.0600000000000000e+02,1.1568727945274330e-04,1.4391608654347868e-31,1.1161272571091342e-02
4.0700000000000000e+02,1.2147409253071415e-04,3.5967231137134357e-31,1.0488883121112231e-02
4.0800000000000000e+02,1.3620096372931288e-04,8.9757556471711633e-31,1.1009695085449725e-02
4.0900000000000000e+02,1.5454834894733862e-04,2.2362207255480266e-30,1.0606684603095603e-02
4.1000000000000000e+02,1.6791943872847512e-04,5.5556189885448985e-30,1.0084881215496206e-02
4.1100000000000000e+02,1.6895944031668786e-04,1.3751912864512084e-29,1.0703977715708562e-02
4.1200000000000000e+02,1.5578804767151888e-04,3.3897741020213343e-29,1.0430758018406528e-02
4.1300000000000000e+02,1.3368686989506198e-04,8.3173239176346653e-29,1.0129108508918128e-02
4.1400000000000000e+02,1.1316565249368252e-04,2.0312070207128226e-28,1.0954170572785742e-02
4.1500000000000000e+02,1.0510951980416087e-04,4.9376472641133573e-28,1.0949728862692075e-02
4.1600000000000000e+02,1.1526808910167631e-04,1.1947574124060753e-27,1.0694517883536096e-02
4.1700000000000000e+02,1.4088162686934323e-04,2.8770881905283179e-27,1.1377653064538727e-02
4.1800000000000000e+02,1.7134481683577012e-04,6.8933833510703448e-27,1.1409057881960479e-02
4.1900000000000000e+02,1.9281312608867489e-04,1.6429413206881442e-26,1.1005202077518607e-02
4.2000000000000000e+02,1.9458961704300597e-04,3.8943979283432277e-26,1.1412213618239408e-02
4.2100000000000000e+02,1.7416455687035095e-04,9.1793621293491541e-26,1.1355012247626495e-02
4.2200000000000000e+02,1.3846813550982419e-04,2.1511459789668230e-25,1.0817035136294851e-02
4.2300000000000000e+02,1.0081047803685716e-04,5.0112878514361963e-25,1.1211219438042798e-02
4.2400000000000000e+02,7.5051721214612578e-05,1.1603635607663319e-24,1.1232949998933530e-02
4.2500000000000000e+02,6.9744663458438675e-05,2.6702918889075451e-24,1.0683895464698312e-02
4.2600000000000000e+02,8.4848384322999706e-05,6.1068291077905942e-24,1.1223500695346311e-02
4.2700000000000000e+02,1.1230115080604079e-04,1.3879011605047898e-23,1.1415252334433528e-02
4.2800000000000000e+02,1.3993492845187225e-04,3.1347448403039525e-23,1.0975835446161552e-02
4.2900000000000000e+02,1.5676924130958987e-04,7.0369669821264709e-23,1.1605231927999754e-02
4.3000000000000000e+02,1.5728227625239695e-04,1.5702711433548660e-22,1.1811926021023461e-02
4.3100000000000000e+02,1.4293014194188993e-04,3.4839141977127712e-22,1.1497206063950955e-02
4.3200000000000000e+02,1.2054578008954594e-04,7.6877041439215053e-22,1.2120968121953776e-02
4.3300000000000000e+02,9.8643691747842368e-05,1.6878388955150532e-21,1.1969572701203074e-02
4.3400000000000000e+02,8.3516606160413236e-05,3.6887015037606808e-21,1.1183141352105365e-02
4.3500000000000000e+02,7.6995156804919964e-05,8.0289252156547855e-21,1.1333075345232547e-02
4.3600000000000000e+02,7.6828039965566247e-05,1.7415633276612499e-20,1.1123340451846320e-02
4.3700000000000000e+02,7.9227379968787383e-05,3.7669495472649686e-20,1.0646991622890739e-02
4.3800000000000000e+02,8.1956367624695537e-05,8.1298339169806831e-20,1.0803152807415775e-02
4.3900000000000000e+02,8.6090517797553313e-05,1.7517586064703234e-19,1.0577343751689526e-02
4.4000000000000000e+02,9.5395253196307484e-05,3.7704757655721772e-19,1.0276245886664495e-02
4.4100000000000000e+02,1.1363587078820641e-04,8.1101189482166062e-19,1.0530950679642990e-02
4.4200000000000000e+02,1.4131053887907359e-04,1.7437440943780991e-18,1.0380810469397051e-02
4.4300000000000000e+02,1.7369685914135887e-04,3.7480215098491533e-18,9.9287983387210989e-03
4.4400000000000000e+02,2.0155407711960015e-04,8.0527364896373030e-18,1.0045126239494986e-02
4.4500000000000000e+02,2.1455894504907527e-04,1.7289638407484046e-17,1.0121965805122301e-02
4.4600000000000000e+02,2.0613340332942287e-04,3.7079752774003266e-17,9.8355321659411490e-03
4.4700000000000000e+02,1.7744987922241917e-04,7.9386213924177552e-17,9.9903012908629154e-03
4.4800000000000000e+02,1.3858105217830834e-04,1.6955738133717674e-16,1.0170842331343348e-02
4.4900000000000000e+02,1.0596619198111164e-04,3.6102037591144775e-16,9.9651812951423481e-03
4.5000000000000000e+02,9.6992642097015405e-05,7.6570310282501457e-16,1.0222136665510178e-02
4.5100000000000000e+02,1.2372224375612853e-04,1.6165062106875489e-15,1.0541642025199425e-02
4.5200000000000000e+02,1.8809765400077790e-04,3.3944756137918141e-15,1.0317825266036475e-02
4.5300000000000000e+02,2.8034362952346847e-04,7.0853248801976866e-15,1.0543387550378036e-02
4.5400000000000000e+02,3.8112086893275115e-04,1.4691973458854949e-14,1.1011143041434805e-02
4.5500000000000000e+02,4.6675946744917878e-04,3.0248620860546159e-14,1.0798444580645388e-02
4.5600000000000000e+02,5.1596132464699093e-04,6.1807087165045243e-14,1.0981477506127303e-02
4.5700000000000000e+02,5.1596592803412823e-04,1.2528802386287860e-13,1.1462407874250747e-02
4.5800000000000000e+02,4.6641775750381814e-04,2.5187079301946595e-13,1.1044591137776926e-02
4.5900000000000000e+02,3.7991366082415755e-04,5.0202564566356627e-13,1.1110426284773031e-02
4.6000000000000000e+02,2.7912060321310972e-04,9.9187844820045901e-13,1.1616101248213094e-02
4.6100000000000000e+02,1.9116446730720952e-04,1.9422227845809848e-12,1.1143724851838122e-02
4.6200000000000000e+02,1.4061257019790877e-04,3.7686653220262264e-12,1.1320691602645148e-02
4.6300000000000000e+02,1.4277452878369478e-04,7.2456570669935940e-12,1.1920852493349652e-02
4.6400000000000000e+02,1.9909611302711702e-04,1.3801777263029985e-11,1.1457289023856648e-02
4.6500000000000000e+02,2.9599767573750018e-04,2.6045596025052526e-11,1.1792478923128982e-02
4.6600000000000000e+02,4.0770707034034622e-04,4.8692110143478211e-11,1.2290841414079911e-02
4.6700000000000000e+02,5.0270038217706758e-04,9.0177326856136664e-11,1.1645828923833824e-02
4.6800000000000000e+02,5.5243898689360952e-04,1.6544181766725207e-10,1.2020065216961669e-02
4.6900000000000000e+02,5.4023633992398342e-04,3.0067775950878271e-10,1.2287549746174825e-02
4.7000000000000000e+02,4.6754728397637531e-04,5.4133685208224195e-10,1.1514678871675251e-02
4.7100000000000000e+02,3.5520749062166213e-04,9.6549245809182765e-10,1.1858164113528637e-02
4.7200000000000000e+02,2.3841807371817250e-04,1.7058930397330857e-09,1.1783692249780100e-02
4.7300000000000000e+02,1.5626866862274654e-04,2.9859620416877991e-09,1.0967158094621463e-02
4.7400000000000000e+02,1.3863284520907503e-04,5.1779181487731510e-09,1.1336502110517835e-02
4.7500000000000000e+02,1.9467935872000334e-04,8.8955710926574962e-09,1.1286651715664913e-02
4.7600000000000000e+02,3.0747745789902041e-04,1.5140833022749710e-08,1.0750018516162580e-02
4.7700000000000000e+02,4.3778308147959024e-04,2.5532446095788229e-08,1.0989900315859502e-02
4.7800000000000000e+02,5.3702691074010358e-04,4.2659023860456318e-08,1.0780075666990385e-02
4.7900000000000000e+02,5.6565321737670773e-04,7.0617743591318040e-08,1.0360387913271620e-02
4.8000000000000000e+02,5.1000785668325768e-04,1.1582681014031419e-07,1.0525433612695067e-02
4.8100000000000000e+02,3.9061089130177593e-04,1.8823646073414666e-07,1.0266023933997819e-02
4.8200000000000000e+02,2.5740957672039437e-04,3.0311251722510328e-07,9.7443774620521468e-03
4.8300000000000000e+02,1.7255131661641915e-04,4.8363134749636979e-07,9.8589190151723537e-03
4.8400000000000000e+02,1.8641002527316569e-04,7.6460870047013120e-07,1.0079346642736332e-02
4.8500000000000000e+02,3.1592730575217615e-04,1.1977900903646448e-06,9.9613339346099426e-03
4.8600000000000000e+02,5.3426970196594130e-04,1.8592592367559209e-06,1.0001277574126197e-02
4.8700000000000000e+02,7.7705206246542256e-04,2.8596738326654480e-06,1.0251736357255582e-02
4.8800000000000000e+02,9.6412828147516747e-04,4.3582120769131644e-06,1.0265357061819767e-02
4.8900000000000000e+02,1.0295562680571835e-03,6.5813020976889854e-06,1.0311137682386168e-02
4.9000000000000000e+02,9.4840755175255680e-04,9.8473966148756404e-06,1.0528480240987471e-02
4.9100000000000000e+02,7.4941917833140864e-04,1.4599225809932363e-05,1.0314305947911181e-02
4.9200000000000000e+02,5.0732979107115926e-04,2.1445081090871088e-05,1.0216282451221107e-02
4.9300000000000000e+02,3.1655595527038525e-04,3.1210708005552881e-05,1.0649348261906874e-02
4.9400000000000000e+02,2.5566481564339171e-04,4.5003261711035434e-05,1.0645623617020050e-02
4.9500000000000000e+02,3.5650916760843069e-04,6.4288434126770534e-05,1.0744333366657654e-02
4.9600000000000000e+02,5.9065935491294495e-04,9.0981218661602254e-05,1.1446858070004604e-02
4.9700000000000000e+02,8.7905321731919484e-04,1.2754975126878099e-04,1.1443998494466557e-02
4.9800000000000000e+02,1.1213460135601578e-03,1.7713017387745216e-04,1.1348416093491799e-02
4.9900000000000000e+02,1.2333843746302044e-03,2.4364844247759721e-04,1.1965635691491878e-02
5.0000000000000000e+02,1.1780040525155948e-03,3.3194241538082842e-04,1.1739157841199239e-02
5.0100000000000000e+02,9.7719764892074956e-04,4.4787443066560736e-04,1.1292945115541813e-02
5.0200000000000000e+02,7.0130792416025600e-04,5.9842101842410883e-04,1.1612984704683676e-02
5.0300000000000000e+02,4.4016638205121963e-04,7.9172260082835595e-04,1.1142293253519333e-02
5.0400000000000000e+02,2.6830700179285869e-04,1.0370723457754200e-03,1.0913191025663396e-02
5.0500000000000000e+02,2.1852997184790176e-04,1.3448202334747598e-03,1.1541759781779414e-02
5.0600000000000000e+02,2.7411820455396524e-04,1.7261664863134202e-03,1.0987690386889340e-02
5.0700000000000000e+02,3.8158700566803653e-04,2.1928185375021578e-03,1.0688142872082156e-02
5.0800000000000000e+02,4.7686679943806479e-04,2.7564884828161387e-03,1.1239006513762478e-02
5.0900000000000000e+02,5.1251555208664708e-04,3.4282142747422994e-03,1.0777191155517306e-02
5.1000000000000000e+02,4.7425570679514659e-04,4.2174984620105983e-03,1.0539041557399549e-02
5.1100000000000000e+02,3.8107889868006355e-04,5.1312734683874655e-03,1.0686616864045212e-02
5.1200000000000000e+02,2.7113053772993470e-04,6.1727222322285761e-03,1.0227645047323777e-02
5.1300000000000000e+02,1.8168706986957590e-04,7.3400068835367312e-03,1.0346361429911365e-02
5.1400000000000000e+02,1.3314171006446171e-04,8.6249846617121907e-03,1.0643088397220240e-02
5.1500000000000000e+02,1.2374270788760474e-04,1.0012017274856165e-02,1.0459927614070254e-02
5.1600000000000000e+02,1.3585642556624406e-04,1.1477004319225381e-02,1.0612805273592204e-02
5.1700000000000000e+02,1.4885916363186123e-04,1.2986789428807575e-02,1.0750628602280458e-02
5.1800000000000000e+02,1.5107935678086669e-04,1.4499095255883103e-02,1.0760712227250380e-02
5.1900000000000000e+02,1.4455702630126446e-04,1.5963135904727775e-02,1.0916279509565233e-02
5.2000000000000000e+02,1.4080631705563865e-04,1.7321029317061847e-02,1.0875408615901361e-02
5.2100000000000000e+02,1.5088050042835746e-04,1.8510084865398218e-02,1.1025340353635402e-02
5.2200000000000000e+02,1.7618813373104143e-04,1.9465972590564401e-02,1.1142208224001651e-02
5.2300000000000000e+02,2.0599601428076229e-04,2.0126692376464046e-02,1.1052653525617939e-02
5.2400000000000000e+02,2.2354061845038711e-04,2.0437159364291555e-02,1.1497026151339643e-02
5.2500000000000000e+02,2.1730727257759073e-04,2.0354114945344684e-02,1.1522762556067096e-02
5.2600000000000000e+02,1.9049652793941298e-04,1.9850972726114021e-02,1.1225248845738101e-02
5.2700000000000000e+02,1.6230574877261510e-04,1.8922130191458053e-02,1.1607327334296629e-02
5.2800000000000000e+02,1.5924497696097120e-04,1.7586234499064352e-02,1.1317548044548388e-02
5.2900000000000000e+02,2.0057230641886914e-04,1.5887898897019945e-02,1.1025400017673954e-02
5.3000000000000000e+02,2.8561399146109057e-04,1.3897435202556275e-02,1.1461997134722667e-02
5.3100000000000000e+02,3.9022818761270272e-04,1.1708302311302383e-02,1.0913593514606251e-02
5.3200000000000000e+02,4.7536972268323087e-04,9.4321675688940499e-03,1.0740554677728208e-02
5.3300000000000000e+02,5.0475623366044210e-04,7.1917244219668556e-03,1.1316558013242444e-02
5.3400000000000000e+02,4.6373438359261925e-04,5.1116838280115999e-03,1.0829241285004836e-02
5.3500000000000000e+02,3.6994185694184917e-04,3.3086277271532310e-03,1.0955302858169657e-02
5.3600000000000000e+02,2.6937503520351423e-04,1.8806440471656051e-03,1.1396016305531064e-02
5.3700000000000000e+02,2.1807636641303264e-04,8.9781639678651820e-04,1.0671842001151781e-02
5.3800000000000000e+02,2.5685872873731675e-04,3.9468399013576190e-04,1.1014769572574997e-02
5.3900000000000000e+02,3.9060481791235510e-04,3.6569455489441461e-04,1.1448800015400119e-02
5.4000000000000000e+02,5.8238696121412214e-04,7.6443655788263577e-04,1.0796320007057710e-02
5.4100000000000000e+02,7.6626383952550445e-04,1.5070680910479381e-03,1.1455680968334752e-02
5.4200000000000000e+02,8.7396241140719796e-04,2.4798904420974600e-03,1.1868327449136185e-02
5.4300000000000000e+02,8.6384315396763193e-04,3.5504966838883273e-03,1.1479423497267079e-02
5.4400000000000000e+02,7.3905893336023785e-04,4.5814262622224603e-03,1.2217550400745092e-02
5.4500000000000000e+02,5.4664743776358757e-04,5.4448487685925711e-03,1.2094970410251125e-02
5.4600000000000000e+02,3.5812891291095471e-04,6.0365529535748065e-03,1.1587038426235525e-02
5.4700000000000000e+02,2.4052705551615825e-04,6.2874839394354166e-03,1.2008996800097428e-02
5.4800000000000000e+02,2.3052146208786873e-04,6.1712794829800197e-03,1.1579111492860816e-02
5.4900000000000000e+02,3.2223897168318978e-04,5.7066978180180892e-03,1.1349821469721029e-02
5.5000000000000000e+02,4.7259924215144314e-04,4.9544607118168112e-03,1.1552129077069371e-02
5.5100000000000000e+02,6.2052399317384091e-04,4.0087773460986582e-03,1.1119052532806255e-02
5.5200000000000000e+02,7.1105587803970761e-04,2.9845639268164630e-03,1.1217160685632279e-02
5.5300000000000000e+02,7.1444100595024834e-04,2.0020165872685854e-03,1.1158757928760856e-02
5.5400000000000000e+02,6.3340968381852159e-04,1.1706248708090651e-03,1.0779793962334782e-02
5.5500000000000000e+02,4.9742443234865536e-04,5.7484981856067822e-04,1.0964280023871845e-02
5.5600000000000000e+02,3.4799805163347432e-04,2.6349650989433324e-04,1.0599383189091448e-02
5.5700000000000000e+02,2.2215135152775354e-04,2.4429985013215663e-04,1.0358391170148100e-02
5.5800000000000000e+02,1.4072274270974527e-04,4.8448193795786241e-04,1.0644130955127059e-02
5.5900000000000000e+02,1.0513365631842617e-04,9.1714233309004212e-04,1.0238320770821745e-02
5.6000000000000000e+02,1.0212452520975892e-04,1.4524503772146346e-03,1.0274532462257794e-02
5.6100000000000000e+02,1.1287889585464397e-04,1.9918680937894410e-03,1.0580861654305133e-02
5.6200000000000000e+02,1.2195705468897004e-04,2.4431693987157247e-03,1.0218913027635499e-02
5.6300000000000000e+02,1.2249021959536639e-04,2.7339188305987054e-03,1.0550363117244336e-02
5.6400000000000000e+02,1.1634470420672143e-04,2.8213527710438278e-03,1.0771605003325779e-02
5.6500000000000000e+02,1.1041121648817999e-04,2.6972236979566446e-03,1.0434034529301592e-02
5.6600000000000000e+02,1.1170479244804192e-04,2.3870186163938100e-03,1.0959048822908235e-02
5.6700000000000000e+02,1.2382556849393196e-04,1.9438991727274845e-03,1.1013898624938895e-02
5.6800000000000000e+02,1.4582931153045320e-04,1.4385697738983337e-03,1.0615773502272143e-02
5.6900000000000000e+02,1.7300285563630400e-04,9.4691212843444716e-04,1.1108564193956396e-02
5.7000000000000000e+02,1.9854135503049702e-04,5.3752293153859270e-04,1.0928831863411070e-02
5.7100000000000000e+02,2.1552256312825879e-04,2.6121110394260758e-04,1.0472518865402319e-02
5.7200000000000000e+02,2.1893991607650258e-04,1.4407755911647428e-04,1.0992817885417477e-02
5.7300000000000000e+02,2.0748530214074348e-04,1.8510399790107958e-04,1.0840239000202253e-02
5.7400000000000000e+02,1.8462180665255418e-04,3.5835391689765459e-04,1.0435824627364733e-02
5.7500000000000000e+02,1.5851015374885024e-04,6.1909379553887493e-04,1.0856974404359378e-02
5.7600000000000000e+02,1.4037973636607913e-04,9.1251833778182884e-04,1.0680923790765044e-02
5.7700000000000000e+02,1.4106144841390876e-04,1.1834144116315531e-03,1.0497879220643229e-02
5.7800000000000000e+02,1.6618469922977742e-04,1.3850697904810130e-03,1.0984066805995488e-02
5.7900000000000000e+02,2.1198816769809535e-04,1.4860068818502417e-03,1.0761787192865677e-02
5.8000000000000000e+02,2.6457557459030846e-04,1.4736237366445681e-03,1.0574568803756389e-02
5.8100000000000000e+02,3.0438892233926941e-04,1.3544423183820223e-03,1.0815648616112528e-02
5.8200000000000000e+02,3.1481996027640774e-04,1.1512723484602095e-03,1.0619233998355253e-02
5.8300000000000000e+02,2.9103219046331899e-04,8.9808679380802862e-04,1.0705387352461685e-02
5.8400000000000000e+02,2.4417183423996167e-04,6.3369588023451655e-04,1.0762632118194062e-02
5.8500000000000000e+02,1.9794493032516936e-04,3.9537087083840261e-04,1.0551702895925262e-02
5.8600000000000000e+02,1.7828829608810366e-04,2.1342482664530284e-04,1.0767149463814437e-02
5.8700000000000000e+02,2.0073502233144885e-04,1.0746135166666582e-04,1.0730684349880745e-02
5.8800000000000000e+02,2.6186839367774433e-04,8.4631557816302369e-05,1.0686049898532368e-02
5.8900000000000000e+02,3.3962007505217775e-04,1.3987402117361360e-04,1.0746660090284323e-02
5.9000000000000000e+02,4.0276370944840757e-04,2.5781729549359636e-04,1.0404808204469981e-02
5.9100000000000000e+02,4.2527139712585446e-04,4.1583840336553035e-04,1.0603728724772121e-02
5.9200000000000000e+02,3.9881802716760042e-04,5.8770277568083137e-04,1.0762253659082359e-02
5.9300000000000000e+02,3.3762582907977909e-04,7.4724478300949805e-04,1.0541401914130681e-02
5.9400000000000000e+02,2.7324745012217159e-04,8.7165030465843950e-04,1.0942176891707669e-02
5.9500000000000000e+02,2.4118176942548815e-04,9.4403570448226459e-04,1.0828538110368841e-02
5.9600000000000000e+02,2.6481248496905955e-04,9.5514835978775651e-04,1.0566601665340543e-02
5.9700000000000000e+02,3.4372910089510279e-04,9.0412169171119963e-04,1.1038437562509995e-02
5.9800000000000000e+02,4.5214928994795247e-04,7.9829569173008909e-04,1.0612474818652524e-02
5.9900000000000000e+02,5.4897900271150951e-04,6.5216739487831412e-04,1.0310237781494792e-02
6.0000000000000000e+02,5.9553636297688740e-04,4.8557678633639464e-04,1.0780307549747296e-02
6.0100000000000000e+02,5.7283175510051932e-04,3.2127542596427594e-04,1.0228841293320778e-02
6.0200000000000000e+02,4.9006982635518858e-04,1.8207642388687982e-04,1.0148973337563446e-02
6.0300000000000000e+02,3.8025477707036526e-04,8.7846042237033084e-05,1.0783911124708188e-02
6.0400000000000000e+02,2.8522411796038364e-04,5.2660509250094087e-05,1.0327079679313175e-02
6.0500000000000000e+02,2.3746376586278252e-04,8.2499727718199242e-05,1.0366226442456781e-02
6.0600000000000000e+02,2.4708284146053236e-04,1.7386060738985634e-04,1.0942249978038924e-02
6.0700000000000000e+02,2.9932100619772714e-04,3.1362506445930578e-04,1.0576178209659391e-02
6.0800000000000000e+02,3.6290054611730734e-04,4.8039604729283779e-04,1.0593397540218636e-02
6.0900000000000000e+02,4.0484359154529837e-04,6.4731698582195618e-04,1.0916564281242297e-02
6.1000000000000000e+02,4.0487636219815485e-04,7.8613205530108190e-04,1.0481757493185058e-02
6.1100000000000000e+02,3.6312082808518520e-04,8.7196407291462771e-04,1.0477022411909004e-02
6.1200000000000000e+02,2.9812927123657850e-04,8.8804041730546166e-04,1.0762113951854521e-02
6.1300000000000000e+02,2.3687297992717050e-04,8.2945271882696849e-04,1.0400533595254736e-02
6.1400000000000000e+02,2.0184249637295027e-04,7.0505700569282212e-04,1.0583102080287675e-02
6.1500000000000000e+02,2.0132878570780087e-04,5.3684816252007003e-04,1.0930154896981693e-02
6.1600000000000000e+02,2.2702932091119398e-04,3.5657417900710484e-04,1.0587136338396129e-02
6.1700000000000000e+02,2.5947530962612178e-04,1.9993460000552340e-04,1.0875416544544715e-02
6.1800000000000000e+02,2.7815344100776785e-04,9.9321355886915362e-05,1.1017103512866612e-02
6.1900000000000000e+02,2.7123160926564442e-04,7.6558096493248987e-05,1.0485055277304452e-02
6.2000000000000000e+02,2.4035527407798832e-04,1.3732128820620677e-04,1.0658759879275786e-02
6.2100000000000000e+02,1.9870036143996230e-04,2.6876755818108490e-04,1.0651190592381706e-02
6.2200000000000000e+02,1.6387190056949669e-04,4.4131491510693554e-04,1.0422457298498861e-02
6.2300000000000000e+02,1.4952082101453104e-04,6.1460922323199984e-04,1.0789433582024818e-02
6.2400000000000000e+02,1.5964155564209215e-04,7.4664159797463339e-04,1.0811251468723065e-02
6.2500000000000000e+02,1.8767344124209521e-04,8.0403502805570558e-04,1.0713028805613352e-02
6.2600000000000000e+02,2.2006129215732263e-04,7.7097108651216003e-04,1.0969791586035229e-02
6.2700000000000000e+02,2.4218306313149125e-04,6.5429435641865786e-04,1.1133984524867989e-02
6.2800000000000000e+02,2.4405818567095088e-04,4.8308428294635135e-04,1.1075443807330127e-02
6.2900000000000000e+02,2.2373669393865143e-04,3.0230396390197958e-04,1.1016688780687177e-02
6.3000000000000000e+02,1.8731146579954743e-04,1.6172155634318558e-04,1.1279611923243541e-02
6.3100000000000000e+02,1.4584433581056957e-04,1.0273027209409496e-04,1.1351398057876589e-02
6.3200000000000000e+02,1.1076249586652893e-04,1.4653446802076318e-04,1.1314941112368145e-02
6.3300000000000000e+02,8.9800652226221776e-05,2.8710834921570291e-04,1.1692079222778505e-02
6.3400000000000000e+02,8.4996441174361377e-05,4.9128663544886829e-04,1.1667894923529121e-02
6.3500000000000000e+02,9.3083964465105019e-05,7.0651408565563872e-04,1.1450536614186954e-02
6.3600000000000000e+02,1.0769098753836140e-04,8.7462179727706188e-04,1.1619872490488141e-02
6.3700000000000000e+02,1.2229809285366428e-04,9.4811950847092171e-04,1.1448580150308096e-02
6.3800000000000000e+02,1.3273964110689638e-04,9.0448067514130087e-04,1.1179978353137866e-02
6.3900000000000000e+02,1.3815611999337001e-04,7.5413383823312726e-04,1.1229299472780986e-02
6.4000000000000000e+02,1.4007080794398849e-04,5.3940042213577902e-04,1.0973603468276709e-02
6.4100000000000000e+02,1.4042945772150907e-04,3.2408684590521877e-04,1.0697789189102483e-02
6.4200000000000000e+02,1.4004634083647494e-04,1.7617997898161181e-04,1.0928331121177215e-02
6.4300000000000000e+02,1.3835194876041714e-04,1.4830112691977749e-04,1.0791271414113443e-02
6.4400000000000000e+02,1.3425372849114201e-04,2.6153534933848687e-04,1.0340378073112944e-02
6.4500000000000000e+02,1.2735557142763302e-04,4.9758891729495731e-04,1.0526827108020149e-02
6.4600000000000000e+02,1.1892041942802066e-04,8.0203043904042491e-04,1.0428609352566716e-02
6.4700000000000000e+02,1.1216146691808711e-04,1.0982130181276368e-03,1.0071537276717517e-02
6.4800000000000000e+02,1.1142786783380771e-04,1.3082634237195814e-03,1.0414571012352557e-02
6.4900000000000000e+02,1.2012462869198205e-04,1.3752409588639407e-03,1.0245864948005674e-02
6.5000000000000000e+02,1.3812731232556684e-04,1.2799649543044098e-03,9.9492630279801979e-03
6.5100000000000000e+02,1.6036369923098825e-04,1.0473561093668163e-03,1.0489929394383625e-02
6.5200000000000000e+02,1.7805702300027738e-04,7.4010888006217467e-04,1.0347622774005289e-02
6.5300000000000000e+02,1.8264674315335760e-04,4.4126012320225988e-04,1.0071587111922301e-02
6.5400000000000000e+02,1.7062471719877462e-04,2.3061098078649961e-04,1.0648192245689518e-02
6.5500000000000000e+02,1.4671891151783555e-04,1.6192691807699586e-04,1.0664329694816642e-02
6.5600000000000000e+02,1.2349925789703533e-04,2.4772605723697745e-04,1.0604466006097298e-02
6.5700000000000000e+02,1.1709441913956197e-04,4.5624625847666249e-04,1.1244306865165301e-02
6.5800000000000000e+02,1.4044912786386856e-04,7.2150235034801401e-04,1.1355544355920479e-02
6.5900000000000000e+02,1.9674493650935010e-04,9.6333506576498976e-04,1.1362073362434928e-02
6.6000000000000000e+02,2.7587548529838999e-04,1.1112749842666365e-03,1.1924183316451935e-02
6.6100000000000000e+02,3.5606224312505810e-04,1.1248889549534224e-03,1.2029205860058172e-02
6.6200000000000000e+02,4.1090905806125745e-04,1.0044325515209688e-03,1.1966974168352058e-02
6.6300000000000000e+02,4.1985784822705195e-04,7.8874631915888346e-04,1.2269186832870840e-02
6.6400000000000000e+02,3.7796513396271442e-04,5.4140930139051060e-04,1.2219173170962440e-02
6.6500000000000000e+02,3.0028583739788217e-04,3.2987853647560616e-04,1.1901182990087317e-02
6.6600000000000000e+02,2.1780806696540672e-04,2.0448450115122122e-04,1.1733222275904695e-02
6.6700000000000000e+02,1.6565209824221392e-04,1.8402184128836198e-04,1.1429510784216161e-02
6.6800000000000000e+02,1.6840385216706445e-04,2.5232950769595822e-04,1.0896584835836203e-02
6.6900000000000000e+02,2.2944377286359438e-04,3.6649480960458170e-04,1.0612589926694779e-02
6.7000000000000000e+02,3.2939465792183165e-04,4.7341922693804013e-04,1.0555758530921073e-02
6.7100000000000000e+02,4.3420360635676810e-04,5.2877207133342620e-04,1.0235039500564470e-02
6.7200000000000000e+02,5.0869618131817347e-04,5.1174458179781203e-04,1.0223781569882318e-02
6.7300000000000000e+02,5.2936228335598973e-04,4.3068859997332578e-04,1.0581638302188600e-02
6.7400000000000000e+02,4.9137570659438766e-04,3.1807176535462919e-04,1.0487376681740773e-02
6.7500000000000000e+02,4.0808920854608810e-04,2.1700975398609195e-04,1.0512352179330182e-02
6.7600000000000000e+02,3.0443036320105442e-04,1.6458269637269457e-04,1.0714446137962240e-02
6.7700000000000000e+02,2.0739932209258460e-04,1.7816211849309890e-04,1.0406822863129732e-02
6.7800000000000000e+02,1.3713168651160527e-04,2.4971557170908910e-04,1.0319542010179228e-02
6.7900000000000000e+02,1.0135152424658322e-04,3.4999311391010302e-04,1.0538543621522286e-02
6.8000000000000000e+02,9.4891264858568302e-05,4.4076613794941913e-04,1.0290626730857217e-02
6.8100000000000000e+02,1.0419545662239203e-04,4.9026750485583375e-04,1.0199162299026825e-02
6.8200000000000000e+02,1.1455440082329381e-04,4.8579946083017716e-04,1.0555683326239400e-02
6.8300000000000000e+02,1.1641802151975101e-04,4.3858463518600232e-04,1.0417530068924874e-02
6.8400000000000000e+02,1.0785664149903855e-04,3.7893568257797093e-04,1.0370218088517378e-02
6.8500000000000000e+02,9.2846918914490966e-05,3.4359306061941281e-04,1.0914523681534560e-02
6.8600000000000000e+02,7.7553732239836264e-05,3.6019627185402342e-04,1.0769950544063161e-02
6.8700000000000000e+02,6.7271721033494318e-05,4.3509797155913443e-04,1.0709127753633991e-02
6.8800000000000000e+02,6.5280538854217511e-05,5.4957310976699522e-04,1.1337866706894347e-02
6.8900000000000000e+02,7.3172993287878282e-05,6.6629411497118915e-04,1.1127724792737589e-02
6.9000000000000000e+02,9.1490178354599285e-05,7.4390836120000615e-04,1.1104205845371900e-02
6.9100000000000000e+02,1.1976781933928978e-04,7.5420845478440667e-04,1.1606848373167319e-02
6.9200000000000000e+02,1.5581951627495369e-04,6.9506543063075331e-04,1.1245304660438330e-02
6.9300000000000000e+02,1.9482815549216553e-04,5.9360743552414887e-04,1.1395706306095991e-02
6.9400000000000000e+02,2.2923061574433058e-04,4.9768710919511066e-04,1.1777678499586289e-02
6.9500000000000000e+02,2.5015339161879715e-04,4.5821680167940608e-04,1.1261305217483373e-02
6.9600000000000000e+02,2.5036825429392196e-04,5.0874842409802000e-04,1.1383092731095156e-02
6.9700000000000000e+02,2.2786016074769375e-04,6.5021481196562102e-04,1.1431051273288015e-02
6.9800000000000000e+02,1.8849858573515734e-04,8.4729808534042897e-04,1.0866106355245141e-02
6.9900000000000000e+02,1.4610423782221457e-04,1.0388217550218555e-03,1.1054976611027447e-02
7.0000000000000000e+02,1.1872097663812098e-04,1.1592786534195989e-03,1.1055402717748672e-02
7.0100000000000000e+02,1.2155273026977447e-04,1.1640597740995658e-03,1.0828153776950412e-02
7.0200000000000000e+02,1.5936590645492725e-04,1.0489338844609948e-03,1.1139219491211499e-02
7.0300000000000000e+02,2.2251254469815137e-04,8.5578657563057281e-04,1.1082251738364086e-02
7.0400000000000000e+02,2.8951210138597282e-04,6.6124135923192190e-04,1.0970568282373213e-02
7.0500000000000000e+02,3.3563344358455716e-04,5.5101957966387737e-04,1.1103897317310880e-02
7.0600000000000000e+02,3.4340623937275153e-04,5.8850647508499015e-04,1.0994545799016861e-02
7.0700000000000000e+02,3.0986340168861402e-04,7.8882720116654596e-04,1.0964125549282484e-02
7.0800000000000000e+02,2.4722533861202487e-04,1.1085526599887245e-03,1.0968933807996815e-02
7.0900000000000000e+02,1.7726787506716014e-04,1.4561251949659184e-03,1.1007316859248807e-02
7.1000000000000000e+02,1.2250456706928346e-04,1.7208307935399102e-03,1.1221721696093144e-02
7.1100000000000000e+02,9.8088241333404039e-05,1.8111825163923769e-03,1.1278978013837317e-02
7.1200000000000000e+02,1.0718606896258189e-04,1.6894950146810212e-03,1.1347416228853265e-02
7.1300000000000000e+02,1.4081866940220795e-04,1.3898935764916070e-03,1.1404915588179087e-02
7.1400000000000000e+02,1.8179643635886743e-04,1.0121175515357189e-03,1.1211274649464240e-02
7.1500000000000000e+02,2.1141148415185186e-04,6.9166202991840489e-04,1.1240912444469411e-02
7.1600000000000000e+02,2.1660404995826643e-04,5.5526891495653744e-04,1.1215328539410079e-02
7.1700000000000000e+02,1.9479194661480541e-04,6.7649903547378071e-04,1.0798822126308626e-02
7.1800000000000000e+02,1.5426891306071750e-04,1.0469030088150031e-03,1.0824969353668926e-02
7.1900000000000000e+02,1.1008903385995683e-04,1.5736438667199230e-03,1.0880371242754053e-02
7.2000000000000000e+02,7.7497496275299251e-05,2.1057207196410036e-03,1.0518776950196883e-02
7.2100000000000000e+02,6.5925177997319564e-05,2.4811096556578466e-03,1.0652205111386127e-02
7.2200000000000000e+02,7.5979019685640988e-05,2.5795986536743983e-03,1.0627122165218961e-02
7.2300000000000000e+02,1.0029167674597875e-04,2.3635812274824964e-03,1.0224372621795048e-02
7.2400000000000000e+02,1.2735479319218518e-04,1.8926371074135338e-03,1.0469900777257636e-02
7.2500000000000000e+02,1.4629552965347967e-04,1.3063040425915085e-03,1.0431628253378676e-02
7.2600000000000000e+02,1.5050840493163547e-04,7.8017169731596633e-04,1.0153815286235868e-02
7.2700000000000000e+02,1.3905763747161463e-04,4.6961367963207844e-04,1.0545514618134685e-02
7.2800000000000000e+02,1.1599510110501716e-04,4.5988262888557464e-04,1.0405155891114275e-02
7.2900000000000000e+02,8.8349149896268430e-05,7.3930963263969937e-04,1.0142054904299683e-02
7.3000000000000000e+02,6.3529753965264538e-05,1.2045803319670769e-03,1.0466212136014825e-02
7.3100000000000000e+02,4.6871537172749965e-05,1.6961568502379173e-03,1.0117671523259096e-02
7.3200000000000000e+02,4.0170237924021437e-05,2.0516564757966896e-03,9.9043295283102965e-03
7.3300000000000000e+02,4.1835242574390481e-05,2.1589622181288665e-03,1.0218362733553886e-02
7.3400000000000000e+02,4.8405326156751687e-05,1.9911321676247132e-03,9.9726056817497962e-03
7.3500000000000000e+02,5.6323359288426582e-05,1.6116741196829979e-03,1.0094361310669439e-02
7.3600000000000000e+02,6.2934583850981983e-05,1.1491511700808150e-03,1.0415711568037467e-02
7.3700000000000000e+02,6.6593089516054309e-05,7.5070428619782069e-04,1.0234990705769739e-02
7.3800000000000000e+02,6.6508497495222448e-05,5.3117895011423413e-04,1.0551625166606311e-02
7.3900000000000000e+02,6.2806234043070441e-05,5.3565717147462848e-04,1.0898126625505374e-02
7.4000000000000000e+02,5.6608091442150914e-05,7.2800804978921468e-04,1.0847898633490474e-02
7.4100000000000000e+02,4.9688559956499940e-05,1.0085211826125948e-03,1.1007690617470896e-02
7.4200000000000000e+02,4.3700255706923489e-05,1.2532638946722563e-03,1.0978499769933248e-02
7.4300000000000000e+02,3.9477541495322921e-05,1.3602643386841904e-03,1.0938904596141096e-02
7.4400000000000000e+02,3.6896313132501916e-05,1.2856322009776517e-03,1.1045722396754408e-02
7.4500000000000000e+02,3.5290376709613050e-05,1.0568971163555439e-03,1.0822631786586040e-02
7.4600000000000000e+02,3.4049548873102092e-05,7.5952845011901735e-04,1.0897712659391030e-02
7.4700000000000000e+02,3.3019206322226228e-05,5.0253239141692771e-04,1.1106262091215704e-02
7.4800000000000000e+02,3.2520177619423855e-05,3.7653611989867743e-04,1.0853025528814843e-02
7.4900000000000000e+02,3.3032181635191423e-05,4.2015271637370284e-04,1.0795851236929069e-02
7.5000000000000000e+02,3.4805216454843025e-05,6.0690568619058268e-04,1.0604049886427011e-02
7.5100000000000000e+02,3.7744415453164360e-05,8.5700714594295565e-04,1.0398788748967103e-02
7.5200000000000000e+02,4.1637149559347858e-05,1.0688908833409590e-03,1.1024796189909350e-02
7.5300000000000000e+02,4.6340304692684921e-05,1.1581312648443511e-03,1.1374189375819662e-02
7.5400000000000000e+02,5.1530557400143853e-05,1.0889061717228592e-03,1.1290862314323465e-02
7.5500000000000000e+02,5.6239234599522061e-05,8.8631838137976163e-04,1.1211837519852497e-02
7.5600000000000000e+02,5.8906339227769174e-05,6.2537912127172326e-04,1.0573755730434271e-02
7.5700000000000000e+02,5.8278839824744910e-05,4.0137451411242269e-04,1.0701527736630934e-02
7.5800000000000000e+02,5.4482946095176599e-05,2.9328339065409114e-04,1.1885547463871302e-02
7.5900000000000000e+02,4.9232821485172169e-05,3.3429635271127510e-04,1.2560979740948112e-02
7.6000000000000000e+02,4.4905477735196805e-05,5.0047871168916068e-04,1.2887301320868339e-02
7.6100000000000000e+02,4.3230829146020036e-05,7.2146648616328740e-04,1.2641069136485862e-02
7.6200000000000000e+02,4.4531768323568312e-05,9.0859041574448943e-04,1.2324193953075156e-02
7.6300000000000000e+02,4.7832324823808298e-05,9.8926048666866787e-04,1.4148538673825517e-02
7.6400000000000000e+02,5.1555581625113770e-05,9.3429014761111262e-04,1.7051620764518275e-02
7.6500000000000000e+02,5.4371234681503639e-05,7.6783816867525168e-04,1.8901826483533109e-02
7.6600000000000000e+02,5.5794796018614788e-05,5.5654845556883019e-04,1.9571232690944410e-02
7.6700000000000000e+02,5.6247363360197859e-05,3.8254827441196919e-04,1.8698187651585773e-02
7.6800000000000000e+02,5.6616851569059498e-05,3.1109364576662732e-04,1.8511743940506468e-02
7.6900000000000000e+02,5.7770967398808634e-05,3.6550297242263251e-04,2.2193940138222765e-02
7.7000000000000000e+02,6.0417661281306848e-05,5.1895682118325757e-04,2.7472554166565050e-02
7.7100000000000000e+02,6.5130290771529123e-05,7.0602796835170234e-04,3.0860346665179745e-02
7.7200000000000000e+02,7.2042560568236075e-05,8.4909652566614357e-04,3.1159448428030277e-02
7.7300000000000000e+02,8.0246874526924622e-05,8.8910291484640622e-04,2.9040630398566702e-02
7.7400000000000000e+02,8.7639767322801482e-05,8.0857927570202818e-04,2.9411089986583407e-02
7.7500000000000000e+02,9.1746621478516109e-05,6.3810057038876991e-04,3.4958353016078351e-02
7.7600000000000000e+02,9.1023056120573438e-05,4.4388962390276213e-04,4.1616743855266765e-02
7.7700000000000000e+02,8.5578480226538548e-05,3.0167290864145852e-04,4.4894612282779703e-02
7.7800000000000000e+02,7.6912583904255389e-05,2.6713783898729893e-04,4.2985156682179559e-02
7.7900000000000000e+02,6.7223164023912335e-05,3.5448435045420127e-04,3.8827535374268599e-02
7.8000000000000000e+02,5.8943348927148244e-05,5.3123007547073496e-04,3.7966392184436808e-02
7.8100000000000000e+02,5.4508943568590720e-05,7.3100207920750798e-04,4.1450265573090186e-02
7.8200000000000000e+02,5.5979399875426913e-05,8.7908100310455837e-04,4.5995220496856212e-02
7.8300000000000000e+02,6.4421603788428420e-05,9.2066157294977576e-04,4.7151820584816692e-02
7.8400000000000000e+02,7.9319540498189761e-05,8.4096654206206219e-04,4.3578922659449730e-02
7.8500000000000000e+02,9.8273095626129152e-05,6.6973227180918587e-04,3.8613798478234755e-02
7.8600000000000000e+02,1.1718493091557504e-04,4.6877097396871191e-04,3.5097242143676578e-02
7.8700000000000000e+02,1.3118135540760749e-04,3.0784499506039480e-04,3.3733711335550899e-02
7.8800000000000000e+02,1.3625433875159615e-04,2.3842004802306888e-04,3.3094370327670222e-02
7.8900000000000000e+02,1.3091080043330116e-04,2.7537161386295602e-04,3.0634741314779938e-02
7.9000000000000000e+02,1.1676267334197231e-04,3.9331325268378444e-04,2.6681195337311312e-02
7.9100000000000000e+02,9.7687983063573594e-05,5.3834389867229169e-04,2.2906801924850357e-02
7.9200000000000000e+02,7.8300738834685427e-05,6.5004266288377888e-04,1.9907372258180123e-02
7.9300000000000000e+02,6.2692172900062813e-05,6.8480339592216939e-04,1.8186389815624125e-02
7.9400000000000000e+02,5.3630441117274327e-05,6.3147042883380134e-04,1.7275596973665087e-02
7.9500000000000000e+02,5.1878302781221591e-05,5.1362351384375959e-04,1.5788043806089832e-02
7.9600000000000000e+02,5.5757783210791037e-05,3.7830379448018327e-04,1.4064070314629874e-02
7.9700000000000000e+02,6.1675573979120155e-05,2.7626428976254514e-04,1.3248209230626315e-02
7.9800000000000000e+02,6.5851187718523861e-05,2.4190167353941778e-04,1.2837590560727996e-02
7.9900000000000000e+02,6.6305420474238255e-05,2.8076262113612967e-04,1.2850026602031162e-02
8.0000000000000000e+02,6.3712889822800433e-05,3.6915448770322433e-04,1.3438629988927994e-02
