t,I,e_in,e_out
0.0000000000000000e+00,1.9245008972987521e-01,1.9245008972987521e-01,0.0000000000000000e+00
3.2064128256513023e+01,1.4470670844743433e-02,1.3328660158399350e-01,1.1881593073925006e-01
6.4128256513026045e+01,1.8017034123387857e-02,1.3446547509145487e-01,1.1644844096806702e-01
9.6192384769539075e+01,1.4512479899710884e-02,1.3330049964896878e-01,1.1878801974925790e-01
1.2825651302605209e+02,1.4158235860154800e-02,1.3318274270175365e-01,1.1902450684159885e-01
1.6032064128256511e+02,1.7059286598361589e-02,1.3414710297461901e-01,1.1708781637625743e-01
1.9238476953907815e+02,1.8595237464358816e-02,1.3465768004820594e-01,1.1606244258384713e-01
2.2444889779559117e+02,1.2424652447238407e-02,1.3260646909471255e-01,1.2018181664747414e-01
2.5651302605210418e+02,1.3780698536243197e-02,1.3305724265726626e-01,1.1927654412102306e-01
2.8857715430861720e+02,1.6132085803325397e-02,1.3383888512791717e-01,1.1770679932459177e-01
3.2064128256513021e+02,1.3786538663142445e-02,1.3305918401813099e-01,1.1927264535498855e-01
3.5270541082164323e+02,1.3654859930336286e-02,1.3301541169211567e-01,1.1936055176177938e-01
3.8476953907815630e+02,1.9165978165534475e-02,1.3484740429227765e-01,1.1568142612674318e-01
4.1683366733466931e+02,1.4433787203461695e-02,1.3327434081312703e-01,1.1884055360966533e-01
4.4889779559118233e+02,1.2858665272215519e-02,1.3275074258872918e-01,1.1989207731651366e-01
4.8096192384769535e+02,1.5332023863320832e-02,1.3357293047203608e-01,1.1824090660871525e-01
5.1302605210420836e+02,1.3771034984027403e-02,1.3305403032260057e-01,1.1928299533857317e-01
5.4509018036072143e+02,1.4724512331287756e-02,1.3337098295726674e-01,1.1864647062597898e-01
5.7715430861723439e+02,1.7038349381420029e-02,1.3414014307557984e-01,1.1710179369415981e-01
6.0921843687374746e+02,1.5437189154230688e-02,1.3360788926379433e-01,1.1817070010956364e-01
6.4128256513026042e+02,1.4647701611941871e-02,1.3334544972363779e-01,1.1869774811169592e-01
6.7334669338677350e+02,1.5060279795898163e-02,1.3348259796610670e-01,1.1842231817020854e-01
7.0541082164328645e+02,1.4240095621836923e-02,1.3320995432582805e-01,1.1896985870399113e-01
7.3747494989979953e+02,1.4547179997359411e-02,1.3331203457153737e-01,1.1876485457417796e-01
7.6953907815631260e+02,1.6426905352101603e-02,1.3393688832956974e-01,1.1750998297746813e-01
8.0160320641282556e+02,1.3881664652458672e-02,1.3309080556952355e-01,1.1920914091706487e-01
8.3366733466933863e+02,1.5245654205406037e-02,1.3354421967915706e-01,1.1829856547375102e-01
8.6573146292585159e+02,1.5693634126492051e-02,1.3369313608149602e-01,1.1799950195500397e-01
8.9779559118236466e+02,1.2577504751241655e-02,1.3265727988807482e-01,1.2007977513683317e-01
9.2985971943887762e+02,1.3970061516416735e-02,1.3312019024133354e-01,1.1915012872491680e-01
9.6192384769539069e+02,1.6834913352940545e-02,1.3407251736281525e-01,1.1723760400987471e-01
9.9398797595190365e+02,1.6023224111763101e-02,1.3380269758758861e-01,1.1777947347582551e-01
1.0260521042084167e+03,1.2220424826907800e-02,1.3253858024289764e-01,1.2031815541598984e-01
1.0581162324649297e+03,1.5998636925115800e-02,1.3379452437444470e-01,1.1779588744932890e-01
1.0901803607214429e+03,1.4824228253450131e-02,1.3340413028303932e-01,1.1857990202958919e-01
1.1222444889779558e+03,1.4017049488388875e-02,1.3313580986937876e-01,1.1911876038098988e-01
1.1543086172344688e+03,1.6205556812935604e-02,1.3386330818330772e-01,1.1765775137037211e-01
1.1863727454909817e+03,1.5644212629260273e-02,1.3367670750686608e-01,1.1803249487760581e-01
1.2184368737474949e+03,1.4732320388784567e-02,1.3337357849286174e-01,1.1864125810407718e-01
1.2505010020040079e+03,1.6776976879009253e-02,1.3405325826021658e-01,1.1727628138120733e-01
1.2825651302605208e+03,1.6292348381261951e-02,1.3389215922662470e-01,1.1759981084536275e-01
1.3146292585170340e+03,1.6113326072056580e-02,1.3383264906339978e-01,1.1771932299134320e-01
1.3466933867735470e+03,1.7158448368499502e-02,1.3418006609051397e-01,1.1702161772201447e-01
1.3787575150300599e+03,1.5117303245818919e-02,1.3350155356346896e-01,1.1838425031765004e-01
1.4108216432865729e+03,1.6649989857893441e-02,1.3401104554165852e-01,1.1736105568376508e-01
1.4428857715430861e+03,1.5581100533550760e-02,1.3365572793658850e-01,1.1807462740303774e-01
1.4749498997995991e+03,1.4296989841272395e-02,1.3322886696470468e-01,1.1893187712343228e-01
1.5070140280561120e+03,1.4495495662312327e-02,1.3329485378983050e-01,1.1879935812751817e-01
1.5390781563126252e+03,1.6240871808010038e-02,1.3387504750859261e-01,1.1763417570058257e-01
1.5711422845691382e+03,1.5872758423600961e-02,1.3375268014729169e-01,1.1787992172369073e-01
1.6032064128256511e+03,1.7398307060729465e-02,1.3425979933710633e-01,1.1686149227637686e-01
1.6352705410821641e+03,1.5288009360238858e-02,1.3355829927732776e-01,1.1827028991708891e-01
1.6673346693386773e+03,1.4047974271826649e-02,1.3314608981112477e-01,1.1909811553929812e-01
1.6993987975951902e+03,1.3813159123199581e-02,1.3306803312710308e-01,1.1925487400390350e-01
1.7314629258517032e+03,1.6996181708861552e-02,1.3412612579980929e-01,1.1712994409094774e-01
1.7635270541082161e+03,1.5092050007071978e-02,1.3349315894289568e-01,1.1840110893582370e-01
1.7955911823647293e+03,1.7172422275324034e-02,1.3418471126283651e-01,1.1701228898751248e-01
1.8276553106212423e+03,1.3191307760305984e-02,1.3286131880042659e-01,1.1967001104012061e-01
1.8597194388777552e+03,1.4275453258263668e-02,1.3322170782584652e-01,1.1894625456758286e-01
1.8917835671342684e+03,1.5170057277979238e-02,1.3351908993130135e-01,1.1834903265332211e-01
1.9238476953907814e+03,1.7009137376310129e-02,1.3413043249146073e-01,1.1712129511515060e-01
1.9559118236472943e+03,1.5753212174800024e-02,1.3371294087227736e-01,1.1795972869747734e-01
1.9879759519038073e+03,1.5521786703455151e-02,1.3363601097658301e-01,1.1811422427312786e-01
2.0200400801603205e+03,1.3245442479276032e-02,1.3287931413283108e-01,1.1963387165355505e-01
2.0521042084168334e+03,1.5550021235943651e-02,1.3364539663161337e-01,1.1809537539566972e-01
2.0841683366733464e+03,1.4668357234702598e-02,1.3335231601581615e-01,1.1868395878111355e-01
2.1162324649298594e+03,1.5546397820245375e-02,1.3364419214452672e-01,1.1809779432428134e-01
2.1482965931863723e+03,1.4690491439635980e-02,1.3335967381470867e-01,1.1866918237507269e-01
2.1803607214428857e+03,1.7092471340001192e-02,1.3415813416620365e-01,1.1706566282620245e-01
2.2124248496993987e+03,1.5017596713784831e-02,1.3346840935913715e-01,1.1845081264535232e-01
2.2444889779559117e+03,1.4872651596356742e-02,1.3342022705361842e-01,1.1854757545726168e-01
2.2765531062124246e+03,1.3114744946659235e-02,1.3283586797501010e-01,1.1972112302835086e-01
2.3086172344689376e+03,1.5885700837603628e-02,1.3375698243326350e-01,1.1787128159565988e-01
2.3406813627254505e+03,1.3294532622476221e-02,1.3289563255955353e-01,1.1960109993707731e-01
2.3727454909819635e+03,1.5887798463550762e-02,1.3375767972100955e-01,1.1786988125745879e-01
2.4048096192384769e+03,1.5134468413639857e-02,1.3350725956705556e-01,1.1837279115341570e-01
2.4368737474949899e+03,1.3672956911813708e-02,1.3302142744694298e-01,1.1934847053512927e-01
2.4689378757515028e+03,1.4475874507747594e-02,1.3328833137306378e-01,1.1881245686531619e-01
2.5010020040080158e+03,1.7777274910625876e-02,1.3438577491358092e-01,1.1660850000295504e-01
2.5330661322645287e+03,1.4427047644061414e-02,1.3327210046508006e-01,1.1884505282101865e-01
2.5651302605210417e+03,1.7223912890709028e-02,1.3420182764871832e-01,1.1697791475800930e-01
2.5971943887775547e+03,1.6363319353093847e-02,1.3391575122550003e-01,1.1755243187240619e-01
2.6292585170340681e+03,1.3602276664257923e-02,1.3299793208992539e-01,1.1939565542566746e-01
2.6613226452905810e+03,1.4716085596246667e-02,1.3336818176237214e-01,1.1865209616612547e-01
2.6933867735470940e+03,1.7206397085107100e-02,1.3419600508696578e-01,1.1698960800185867e-01
2.7254509018036069e+03,1.5118220818714445e-02,1.3350185858082969e-01,1.1838363776211525e-01
2.7575150300601199e+03,1.5860923613057867e-02,1.3374874604818002e-01,1.1788782243512215e-01
2.7895791583166329e+03,1.7105457407515068e-02,1.3416245096337040e-01,1.1705699355585533e-01
2.8216432865731458e+03,1.3393870676353795e-02,1.3292865427526454e-01,1.1953478359891075e-01
2.8537074148296592e+03,1.5668927590793358e-02,1.3368492319462486e-01,1.1801599560383150e-01
2.8857715430861722e+03,1.6198868130364183e-02,1.3386108474761399e-01,1.1766221661724981e-01
2.9178356713426851e+03,1.4927188733782376e-02,1.3343835615699196e-01,1.1851116742320958e-01
2.9498997995991981e+03,1.5398064442420381e-02,1.3359488352167651e-01,1.1819681907925612e-01
2.9819639278557111e+03,1.5945904801546257e-02,1.3377699528940784e-01,1.1783109048786158e-01
3.0140280561122240e+03,1.4313878596477744e-02,1.3323448108387673e-01,1.1892060248739898e-01
3.0460921843687370e+03,1.6008773728757669e-02,1.3379789402620049e-01,1.1778912029744282e-01
3.0781563126252504e+03,1.4870796272295497e-02,1.3341961031127758e-01,1.1854881403898208e-01
3.1102204408817634e+03,1.6141104186788838e-02,1.3384188299713928e-01,1.1770077881035045e-01
3.1422845691382763e+03,1.4037865264673779e-02,1.3314272939940316e-01,1.1910486413472939e-01
3.1743486973947893e+03,1.5158785079193604e-02,1.3351534285422972e-01,1.1835655777503612e-01
3.2064128256513022e+03,1.5813074566885937e-02,1.3373284018392959e-01,1.1791976561704365e-01
3.2384769539078152e+03,1.5151705957784645e-02,1.3351298962980523e-01,1.1836128367202059e-01
3.2705410821643281e+03,1.5641499700155825e-02,1.3367580568152743e-01,1.1803430598137160e-01
3.3026052104208411e+03,1.6347163370432100e-02,1.3391038069280051e-01,1.1756321732236841e-01
3.3346693386773545e+03,1.4977982510960358e-02,1.3345524090160241e-01,1.1847725839064205e-01
3.3667334669338675e+03,1.7929511395648370e-02,1.3443638099788599e-01,1.1650686960223762e-01
3.3987975951903804e+03,1.5736718329418170e-02,1.3370745802806763e-01,1.1797073969864946e-01
3.4308617234468934e+03,1.4578499012821489e-02,1.3332244556293515e-01,1.1874394655011367e-01
3.4629258517034064e+03,1.5798275315046198e-02,1.3372792065241090e-01,1.1792964533736471e-01
3.4949899799599193e+03,1.5758418984614650e-02,1.3371467170740473e-01,1.1795625272279008e-01
3.5270541082164323e+03,1.4543794284367584e-02,1.3331090910100385e-01,1.1876711481663627e-01
3.5591182364729457e+03,1.5633049860078380e-02,1.3367299680611644e-01,1.1803994694603806e-01
3.5911823647294586e+03,1.6319311344920220e-02,1.3390112218981381e-01,1.1758181084489359e-01
3.6232464929859716e+03,1.5185711782465000e-02,1.3352429376383274e-01,1.1833858198136774e-01
3.6553106212424846e+03,1.7242182575991860e-02,1.3420790081332923e-01,1.1696571823733737e-01
3.6873747494989975e+03,1.3517835986776194e-02,1.3296986252405693e-01,1.1945202653728074e-01
3.7194388777555105e+03,1.3546876563137814e-02,1.3297951612224299e-01,1.1943263955910517e-01
3.7515030060120234e+03,1.4863038411534565e-02,1.3341703146195721e-01,1.1855399305042265e-01
3.7835671342685368e+03,1.7086680169758700e-02,1.3415620907938883e-01,1.1706952890963013e-01
3.8156312625250498e+03,1.4410203007225800e-02,1.3326650101162368e-01,1.1885629800439788e-01
3.8476953907815628e+03,1.7245672930111922e-02,1.3420906106840719e-01,1.1696338813829527e-01
3.8797595190380757e+03,1.4476221097210668e-02,1.3328844658549213e-01,1.1881222548828146e-01
3.9118236472945887e+03,1.4086556642942227e-02,1.3315891526965010e-01,1.1907235862670787e-01
3.9438877755511016e+03,1.4570294519902910e-02,1.3331971824523309e-01,1.1874942372533018e-01
3.9759519038076146e+03,1.7138621262373976e-02,1.3417347521182368e-01,1.1703485394944971e-01
4.0080160320641280e+03,1.4603344882896552e-02,1.3333070476699735e-01,1.1872735988410080e-01
4.0400801603206410e+03,1.6829906774371198e-02,1.3407085308806438e-01,1.1724094631369318e-01
4.0721442885771539e+03,1.5331981776220555e-02,1.3357291648153621e-01,1.1824093470531566e-01
4.1042084168336669e+03,1.5831366082737580e-02,1.3373892060540582e-01,1.1790755452266824e-01
4.1362725450901798e+03,1.5939933114743204e-02,1.3377501019571530e-01,1.1783507708097210e-01
4.1683366733466928e+03,1.8245417056729829e-02,1.3454139359401296e-01,1.1629597653728313e-01
4.2004008016032058e+03,1.4525161999031228e-02,1.3330471540175598e-01,1.1877955340272475e-01
4.2324649298597187e+03,1.3985161541180374e-02,1.3312520975505274e-01,1.1914004821387236e-01
4.2645290581162317e+03,1.4478269749266942e-02,1.3328912759345507e-01,1.1881085784418813e-01
4.2965931863727446e+03,1.6023218919167526e-02,1.3380269586147142e-01,1.1777947694230390e-01
4.3286573146292576e+03,1.5782717343972588e-02,1.3372274890927741e-01,1.1794003156530482e-01
4.3607214428857715e+03,1.7690664862954703e-02,1.3435698421091699e-01,1.1666631934796229e-01
4.3927855711422844e+03,1.5087459646576970e-02,1.3349163302635178e-01,1.1840417337977481e-01
4.4248496993987974e+03,1.4648287905976401e-02,1.3334564461807516e-01,1.1869735671209876e-01
4.4569138276553103e+03,1.5810458956828671e-02,1.3373197070915513e-01,1.1792151175232646e-01
4.4889779559118233e+03,1.4899121525018003e-02,1.3342902612330593e-01,1.1852990459828792e-01
4.5210420841683363e+03,1.4731597731918455e-02,1.3337333826900627e-01,1.1864174053708781e-01
4.5531062124248492e+03,1.6323468919467815e-02,1.3390250424069153e-01,1.1757903532122371e-01
4.5851703406813622e+03,1.5478664307151752e-02,1.3362167633385016e-01,1.1814301202669841e-01
4.6172344689378751e+03,1.5418545410601475e-02,1.3360169175560122e-01,1.1818314634499974e-01
4.6492985971943881e+03,1.5867358615550567e-02,1.3375088515614739e-01,1.1788352654059682e-01
4.6813627254509011e+03,1.4856982160458332e-02,1.3341501825761393e-01,1.1855803609715559e-01
4.7134268537074140e+03,1.4820705296137632e-02,1.3340295919007869e-01,1.1858225389394106e-01
4.7454909819639270e+03,1.5420199280209546e-02,1.3360224153093769e-01,1.1818204225072815e-01
4.7775551102204399e+03,1.6471285316653927e-02,1.3395164101008536e-01,1.1748035569343143e-01
4.8096192384769538e+03,1.4895881129717431e-02,1.3342794895893334e-01,1.1853206782921591e-01
4.8416833667334668e+03,1.5991699948017649e-02,1.3379221840128028e-01,1.1780051845326263e-01
4.8737474949899797e+03,1.3386201744952628e-02,1.3292610498762400e-01,1.1953990324267137e-01
4.9058116232464927e+03,1.5335004388789666e-02,1.3357392125109724e-01,1.1823891686230757e-01
4.9378757515030056e+03,1.5035437313066002e-02,1.3347433988801319e-01,1.1843890257494719e-01
4.9699398797595186e+03,1.5894159983260603e-02,1.3375979440200639e-01,1.1786563441874578e-01
5.0020040080160315e+03,1.5907809301171222e-02,1.3376433167526777e-01,1.1785652237409655e-01
5.0340681362725445e+03,1.4774342734355350e-02,1.3338754745937562e-01,1.1861320472502027e-01
5.0661322645290575e+03,1.3163557578984145e-02,1.3285209415223295e-01,1.1968853657324881e-01
5.0981963927855704e+03,1.5293086067753647e-02,1.3355998686415901e-01,1.1826690079640537e-01
5.1302605210420834e+03,1.5159236304963464e-02,1.3351549284960504e-01,1.1835625654464157e-01
5.1623246492985963e+03,1.5900685104085280e-02,1.3376196346689548e-01,1.1786127836281020e-01
5.1943887775551093e+03,1.7263843547846464e-02,1.3421510130122261e-01,1.1695125775337614e-01
5.2264529058116223e+03,1.6025151568936608e-02,1.3380333830823329e-01,1.1777818673929669e-01
5.2585170340681361e+03,1.3939008635312458e-02,1.3310986771766034e-01,1.1917085908234788e-01
5.2905811623246491e+03,1.5905197327576059e-02,1.3376346340931933e-01,1.1785826608174327e-01
5.3226452905811620e+03,1.4726226400477313e-02,1.3337155274399248e-01,1.1864532634351517e-01
5.3547094188376750e+03,1.6989638285523509e-02,1.3412395065083471e-01,1.1713431236531120e-01
5.3867735470941880e+03,1.5156498949000036e-02,1.3351458290435292e-01,1.1835808395535288e-01
5.4188376753507009e+03,1.4581104001777145e-02,1.3332331150706173e-01,1.1874220750528458e-01
5.4509018036072139e+03,1.4987473147630895e-02,1.3345839575609547e-01,1.1847092260846458e-01
5.4829659318637268e+03,1.3988300176464033e-02,1.3312625309260315e-01,1.1913795291613911e-01
5.5150300601202398e+03,1.4265685424087030e-02,1.3321846082601618e-01,1.1895277540192915e-01
5.5470941883767528e+03,1.6042804454090884e-02,1.3380920643763825e-01,1.1776640198354736e-01
5.5791583166332657e+03,1.6785557301445153e-02,1.3405611054348948e-01,1.1727055324204433e-01
5.6112224448897787e+03,1.4148785094278221e-02,1.3317960110099711e-01,1.1903081600671889e-01
5.6432865731462916e+03,1.5242689136300919e-02,1.3354323403804305e-01,1.1830054490174213e-01
5.6753507014028046e+03,1.4989597293849605e-02,1.3345910185964568e-01,1.1846950456579608e-01
5.7074148296593185e+03,1.4377470371049667e-02,1.3325562010783579e-01,1.1887814973678612e-01
5.7394789579158314e+03,1.4595747846897489e-02,1.3332817937865324e-01,1.1873243153175575e-01
5.7715430861723444e+03,1.7189931979371645e-02,1.3419053179631629e-01,1.1700059981694465e-01
5.8036072144288573e+03,1.4695920450281855e-02,1.3336147851329463e-01,1.1866555806301278e-01
5.8356713426853703e+03,1.5165474378059235e-02,1.3351756649478097e-01,1.1835209211672174e-01
5.8677354709418832e+03,1.5041858131910862e-02,1.3347647428108875e-01,1.1843461614917788e-01
5.8997995991983962e+03,1.5577558545681741e-02,1.3365455051753447e-01,1.1807699197185273e-01
5.9318637274549092e+03,1.4797596067197952e-02,1.3339527727606043e-01,1.1859768120886248e-01
5.9639278557114221e+03,1.7220098789523741e-02,1.3420055977441589e-01,1.1698046098489215e-01
5.9959919839679351e+03,1.4900070018232847e-02,1.3342934141912405e-01,1.1852927140089120e-01
6.0280561122244480e+03,1.4138657202620544e-02,1.3317623441173640e-01,1.1903757720911586e-01
6.0601202404809610e+03,1.6020671176175547e-02,1.3380184894690159e-01,1.1778117777072604e-01
6.0921843687374740e+03,1.6047004085957675e-02,1.3381060246910931e-01,1.1776359838315163e-01
6.1242484969939869e+03,1.5218334796658947e-02,1.3353513822733687e-01,1.1831680343067792e-01
6.1563126252505008e+03,1.8690537090495715e-02,1.3468935931951881e-01,1.1599882222902309e-01
6.1883767535070137e+03,1.4456551561578115e-02,1.3328190808600490e-01,1.1882535652442679e-01
6.2204408817635267e+03,1.3844934351065305e-02,1.3307859577152115e-01,1.1923366142045584e-01
6.2525050100200397e+03,1.5505514657541547e-02,1.3363060186241019e-01,1.1812508720486864e-01
6.2845691382765526e+03,1.5096001423701308e-02,1.3349447246324897e-01,1.1839847103954766e-01
6.3166332665330656e+03,1.5045245822253431e-02,1.3347760040892143e-01,1.1843235458666800e-01
6.3486973947895785e+03,1.8127243489209535e-02,1.3450211062238754e-01,1.1637486713317800e-01
6.3807615230460915e+03,1.3878237355096273e-02,1.3308966627560803e-01,1.1921142892051176e-01
6.4128256513026045e+03,1.4143412647316958e-02,1.3317781520516483e-01,1.1903440255784788e-01
6.4448897795591174e+03,1.6424213681016750e-02,1.3393599357076277e-01,1.1751177988974602e-01
6.4769539078156304e+03,1.1956894162276424e-02,1.3245097801645619e-01,1.2049408385417977e-01
6.5090180360721433e+03,1.4678560194539933e-02,1.3335570765904919e-01,1.1867714746450926e-01
6.5410821643286563e+03,1.8721823438748286e-02,1.3469975945176674e-01,1.1597793601301845e-01
6.5731462925851692e+03,1.4966977674296778e-02,1.3345158270039681e-01,1.1848460502610003e-01
6.6052104208416822e+03,1.3556942257569496e-02,1.3298286213604510e-01,1.1942591987847560e-01
6.6372745490981961e+03,1.5888202989209371e-02,1.3375781419244179e-01,1.1786961120323242e-01
6.6693386773547090e+03,1.3904538782823203e-02,1.3309840933262654e-01,1.1919387054980334e-01
6.7014028056112220e+03,1.5016823299731877e-02,1.3346815226269779e-01,1.1845132896296591e-01
6.7334669338677350e+03,1.6555792258610910e-02,1.3397973260342397e-01,1.1742394034481306e-01
6.7655310621242479e+03,1.5733039577958935e-02,1.3370623514639399e-01,1.1797319556843505e-01
6.7975951903807609e+03,1.2013241103463135e-02,1.3246970873042141e-01,1.2045646762695827e-01
6.8296593186372738e+03,1.7242019792065286e-02,1.3420784670108307e-01,1.1696582690901779e-01
6.8617234468937868e+03,1.5449204002076972e-02,1.3361188321045497e-01,1.1816267920837800e-01
6.8937875751502997e+03,1.6783761886705328e-02,1.3405551371605939e-01,1.1727175182935407e-01
6.9258517034068127e+03,1.6447954425874878e-02,1.3394388541177227e-01,1.1749593098589739e-01
6.9579158316633257e+03,1.5783267184462713e-02,1.3372293168591817e-01,1.1793966450145546e-01
6.9899799599198386e+03,1.4163062740462390e-02,1.3318434724162129e-01,1.1902128450115890e-01
7.0220440881763516e+03,1.5640777835687791e-02,1.3367556572107803e-01,1.1803478788539024e-01
7.0541082164328645e+03,1.4468687840546945e-02,1.3328594239851740e-01,1.1881725455797046e-01
7.0861723446893784e+03,1.4188038520251411e-02,1.3319264962995753e-01,1.1900461110970612e-01
7.1182364729458914e+03,1.4792655445983308e-02,1.3339363492669806e-01,1.1860097948071475e-01
7.1503006012024043e+03,1.5825429946130690e-02,1.3373694732921945e-01,1.1791151738308876e-01
7.1823647294589173e+03,1.3125051217532616e-02,1.3283929396064695e-01,1.1971424274311433e-01
7.2144288577154302e+03,1.6465007959093683e-02,1.3394955430605590e-01,1.1748454634696222e-01
7.2464929859719432e+03,1.4426182575850585e-02,1.3327181290118659e-01,1.1884563032533600e-01
7.2785571142284562e+03,1.5588573261695104e-02,1.3365821200279968e-01,1.1806963874110457e-01
7.3106212424849691e+03,1.5988000876540329e-02,1.3379098876487727e-01,1.1780298788833694e-01
7.3426853707414821e+03,1.6002668759381958e-02,1.3379586462703061e-01,1.1779319586764865e-01
7.3747494989979950e+03,1.3801880418533766e-02,1.3306428388735297e-01,1.1926240346881921e-01
7.4068136272545080e+03,1.5601139688015797e-02,1.3366238930385657e-01,1.1806124961584077e-01
7.4388777555110210e+03,1.6374647278293394e-02,1.3391951682699818e-01,1.1754486954870479e-01
7.4709418837675339e+03,1.5760925577942134e-02,1.3371550494309017e-01,1.1795457936514804e-01
7.5030060120240469e+03,1.5899035491073077e-02,1.3376141510652098e-01,1.1786237961544790e-01
7.5350701402805607e+03,1.7011601397315029e-02,1.3413125157535410e-01,1.1711965017803908e-01
7.5671342685370737e+03,1.3871940812880623e-02,1.3308757319426456e-01,1.1921563238138394e-01
7.5991983967935867e+03,1.5069640891835726e-02,1.3348570975897209e-01,1.1841606886713636e-01
7.6312625250500996e+03,1.4177966164719460e-02,1.3318930140188120e-01,1.1901133523716174e-01
7.6633266533066126e+03,1.5237809052343149e-02,1.3354161181232746e-01,1.1830380275998431e-01
7.6953907815631255e+03,1.7156816501600863e-02,1.3417952362925095e-01,1.1702270712765009e-01
7.7274549098196385e+03,1.5711402608888925e-02,1.3369904263744284e-01,1.1798764002855391e-01
7.7595190380761514e+03,1.5578704597602938e-02,1.3365493148533944e-01,1.1807622688773650e-01
7.7915831663326644e+03,1.5465494384589981e-02,1.3361729842002462e-01,1.1815180403543464e-01
7.8236472945891774e+03,1.4981881957345705e-02,1.3345653714613290e-01,1.1847465518878719e-01
7.8557114228456903e+03,1.4721717096401771e-02,1.3337005377202782e-01,1.1864833667562605e-01
7.8877755511022033e+03,1.6099693487265226e-02,1.3382811735250710e-01,1.1772842386524188e-01
7.9198396793587162e+03,1.5474832946161449e-02,1.3362040272208520e-01,1.1814556977592375e-01
7.9519038076152292e+03,1.5627717793625776e-02,1.3367122433346748e-01,1.1804350653984171e-01
7.9839679358717431e+03,1.4366483823886639e-02,1.3325196798638381e-01,1.1888548416249717e-01
8.0160320641282560e+03,1.5338408367334050e-02,1.3357505279340884e-01,1.1823664442607479e-01
8.0480961923847690e+03,1.4693805305726684e-02,1.3336077540205030e-01,1.1866697009632361e-01
8.0801603206412819e+03,1.5845663213777075e-02,1.3374367322313291e-01,1.1789801000935583e-01
8.1122244488977949e+03,1.5437637401926260e-02,1.3360803826919340e-01,1.1817040086726714e-01
8.1442885771543079e+03,1.5353645851996042e-02,1.3358011800122202e-01,1.1822647214922598e-01
8.1763527054108208e+03,1.4757929354269686e-02,1.3338209136324150e-01,1.1862416200897181e-01
8.2084168336673338e+03,1.3587220172403602e-02,1.3299292704729143e-01,1.1940570687488783e-01
8.2404809619238476e+03,1.5135712306471566e-02,1.3350767305889086e-01,1.1837196075241929e-01
8.2725450901803597e+03,1.4177800321935247e-02,1.3318924627282244e-01,1.1901144595088720e-01
8.3046092184368736e+03,1.6281903325121277e-02,1.3388868710629903e-01,1.1760678378117775e-01
8.3366733466933856e+03,1.5456763987670250e-02,1.3361439628258584e-01,1.1815763229491559e-01
8.3687374749498995e+03,1.4699763017385306e-02,1.3336275585015586e-01,1.1866299283277056e-01
8.4008016032064115e+03,1.3866441678515043e-02,1.3308574518531155e-01,1.1921930350679651e-01
8.4328657314629254e+03,1.6670355296277320e-02,1.3401781537143578e-01,1.1734746007515846e-01
8.4649298597194374e+03,1.5672180302153144e-02,1.3368600445305931e-01,1.1801382415090617e-01
8.4969939879759513e+03,1.4644593407281747e-02,1.3334441650174206e-01,1.1869982309446031e-01
8.5290581162324634e+03,1.5426847431156798e-02,1.3360445149319497e-01,1.1817760406203817e-01
8.5611222444889772e+03,1.4939138706824368e-02,1.3344232853812835e-01,1.1850318983130398e-01
8.5931863727454893e+03,1.3659993797465242e-02,1.3301711827979734e-01,1.1935712448233210e-01
8.6252505010020031e+03,1.7104377807653462e-02,1.3416209208538182e-01,1.1705771427772836e-01
8.6573146292585152e+03,1.5654455106603654e-02,1.3368011228640642e-01,1.1802565717980276e-01
8.6893787575150291e+03,1.5620603489224782e-02,1.3366885941359630e-01,1.1804825592437151e-01
8.7214428857715429e+03,1.4742197973760376e-02,1.3337686197576332e-01,1.1863466400200294e-01
8.7535070140280550e+03,1.5658514603227744e-02,1.3368146173445980e-01,1.1802294713123206e-01
8.7855711422845689e+03,1.3857116846354406e-02,1.3308264544714746e-01,1.1922552860079305e-01
8.8176352705410809e+03,1.6155214279771193e-02,1.3384657344012385e-01,1.1769135916035266e-01
8.8496993987975948e+03,1.4995606716655091e-02,1.3346109949743956e-01,1.1846549278078447e-01
8.8817635270541068e+03,1.5653806311434662e-02,1.3367989661548438e-01,1.1802609030404972e-01
8.9138276553106207e+03,1.4963327971323465e-02,1.3345036947495281e-01,1.1848704150362935e-01
8.9458917835671327e+03,1.5581885269630003e-02,1.3365598879664256e-01,1.1807410352701256e-01
8.9779559118236466e+03,1.3258356254239753e-02,1.3288360689866938e-01,1.1962525064442962e-01
9.0100200400801587e+03,1.6346463927766341e-02,1.3391014818574820e-01,1.1756368425798186e-01
9.0420841683366725e+03,1.4730685829286549e-02,1.3337303513652821e-01,1.1864234930724166e-01
9.0741482965931846e+03,1.4863625907998529e-02,1.3341722675609999e-01,1.1855360084810146e-01
9.1062124248496984e+03,1.5519364342385641e-02,1.3363520574115714e-01,1.1811584139877150e-01
9.1382765531062123e+03,1.7449817954217239e-02,1.3427692246377140e-01,1.1682710450955416e-01
9.1703406813627244e+03,1.4570781723493381e-02,1.3331988020026150e-01,1.1874909847676812e-01
9.2024048096192382e+03,1.4369715552197668e-02,1.3325304226969334e-01,1.1888332671749567e-01
9.2344689378757503e+03,1.4495680717694442e-02,1.3329491530547655e-01,1.1879923458778210e-01
9.2665330661322641e+03,1.5618684102731067e-02,1.3366822137577714e-01,1.1804953727304607e-01
9.2985971943887762e+03,1.4391206077212351e-02,1.3326018609806342e-01,1.1886898002085107e-01
9.3306613226452901e+03,1.6474669127956088e-02,1.3395276584844792e-01,1.1747809672049184e-01
9.3627254509018021e+03,1.4139576531081222e-02,1.3317654001267354e-01,1.1903696348159232e-01
9.3947895791583160e+03,1.5280644207720878e-02,1.3355585097111686e-01,1.1827520676339598e-01
9.4268537074148280e+03,1.5518701634117379e-02,1.3363498544527605e-01,1.1811628381115867e-01
9.4589178356713419e+03,1.5409079211355758e-02,1.3359854502452281e-01,1.1818946581316706e-01
9.4909819639278539e+03,1.5354604815918535e-02,1.3358043677768788e-01,1.1822583196176935e-01
9.5230460921843678e+03,1.5470264859822253e-02,1.3361888420986459e-01,1.1814861935004234e-01
9.5551102204408799e+03,1.5281918664781916e-02,1.3355627462305161e-01,1.1827435595826970e-01
9.5871743486973937e+03,1.4801252028877249e-02,1.3339649258199535e-01,1.1859524055311810e-01
9.6192384769539076e+03,1.7179300792024343e-02,1.3418699780271176e-01,1.1700769701068742e-01
9.6513026052104196e+03,1.5409082713421937e-02,1.3359854618867076e-01,1.1818946347524882e-01
9.6833667334669335e+03,1.4567315394415831e-02,1.3331872793152857e-01,1.1875141253711274e-01
9.7154308617234456e+03,1.5161501886979706e-02,1.3351624596889175e-01,1.1835474408191204e-01
9.7474949899799594e+03,1.6137734887049476e-02,1.3384076298265116e-01,1.1770302809560168e-01
9.7795591182364715e+03,1.5258009133340952e-02,1.3354832667441283e-01,1.1829031754107187e-01
9.8116232464929853e+03,1.6617424513154705e-02,1.3400022024847172e-01,1.1738279573531701e-01
9.8436873747494974e+03,1.3959302550299382e-02,1.3311661377180820e-01,1.1915731122150881e-01
9.8757515030060113e+03,1.4275718234466078e-02,1.3322179590857783e-01,1.1894607767411175e-01
9.9078156312625233e+03,1.5321814179122026e-02,1.3356953659347712e-01,1.1824772241435509e-01
9.9398797595190372e+03,1.6785773135632537e-02,1.3405618229055882e-01,1.1727040915492629e-01
9.9719438877755492e+03,1.3657923865433991e-02,1.3301643019799278e-01,1.1935850633255879e-01
1.0004008016032063e+04,1.5526471149274981e-02,1.3363756816872008e-01,1.1811109701944510e-01
1.0036072144288577e+04,1.4445339950802466e-02,1.3327818114944753e-01,1.1883284119864507e-01
1.0068136272545089e+04,1.3892882198713749e-02,1.3309453447911029e-01,1.1920165228039654e-01
1.0100200400801603e+04,1.4679323398791799e-02,1.3335596136155375e-01,1.1867663796276195e-01
1.0132264529058115e+04,1.6397078527321945e-02,1.3392697336856504e-01,1.1752989484124310e-01
1.0164328657314629e+04,1.4596174307591553e-02,1.3332832114167664e-01,1.1873214683408509e-01
1.0196392785571141e+04,1.4805883213539789e-02,1.3339803206920328e-01,1.1859214885566349e-01
1.0228456913827655e+04,1.5578437484022059e-02,1.3365484269208330e-01,1.1807640520806124e-01
1.0260521042084167e+04,1.3670172274757086e-02,1.3302050178460778e-01,1.1935032950985069e-01
1.0292585170340681e+04,1.7171313687326550e-02,1.3418434274867613e-01,1.1701302906134958e-01
1.0324649298597193e+04,1.4211185528091502e-02,1.3320034410233694e-01,1.1898915857424544e-01
1.0356713426853707e+04,1.5865971839840926e-02,1.3375042416750635e-01,1.1788445232766542e-01
1.0388777555110219e+04,1.4329278597314504e-02,1.3323960031490820e-01,1.1891032171759369e-01
1.0420841683366732e+04,1.6183671207211328e-02,1.3385603302314306e-01,1.1767236181593173e-01
1.0452905811623245e+04,1.4142745807357221e-02,1.3317759353582886e-01,1.1903484772847164e-01
1.0484969939879758e+04,1.6481979373037872e-02,1.3395519590244240e-01,1.1747321652940453e-01
1.0517034068136272e+04,1.6010622927852339e-02,1.3379850873247684e-01,1.1778788580462450e-01
1.0549098196392784e+04,1.5558068654120419e-02,1.3364807173489004e-01,1.1809000308076963e-01
1.0581162324649298e+04,1.4753699449703728e-02,1.3338068526858662e-01,1.1862698581888290e-01
1.0613226452905810e+04,1.5336107178381700e-02,1.3357428783773501e-01,1.1823818065935331e-01
1.0645290581162324e+04,1.3729011199750882e-02,1.3304006087780545e-01,1.1931104967805457e-01
1.0677354709418836e+04,1.5442675918049847e-02,1.3360971316053663e-01,1.1816703724248678e-01
1.0709418837675350e+04,1.5399135373946549e-02,1.3359523951812860e-01,1.1819610414418205e-01
1.0741482965931862e+04,1.5872293124235742e-02,1.3375252547358182e-01,1.1788023234934608e-01
1.0773547094188376e+04,1.4681560526771886e-02,1.3335670502222702e-01,1.1867514449545513e-01
1.0805611222444888e+04,1.5448916848651947e-02,1.3361178775559915e-01,1.1816287090694720e-01
1.0837675350701402e+04,1.4563333336014103e-02,1.3331740422529911e-01,1.1875407088928501e-01
1.0869739478957914e+04,1.6426428657767847e-02,1.3393672986796995e-01,1.1751030121020210e-01
1.0901803607214428e+04,1.5681835606607603e-02,1.3368921404601827e-01,1.1800737843941067e-01
1.0933867735470940e+04,1.5318932350764078e-02,1.3356857862305924e-01,1.1824964627229516e-01
1.0965931863727454e+04,1.4271429141439015e-02,1.3322037013864063e-01,1.1894894099720162e-01
1.0997995991983968e+04,1.6550995453168155e-02,1.3397813806094616e-01,1.1742714260777801e-01
1.1030060120240480e+04,1.4999105837988330e-02,1.3346226266688907e-01,1.1846315682890074e-01
1.1062124248496993e+04,1.6128735304577674e-02,1.3383777136320027e-01,1.1770903605862260e-01
1.1094188376753506e+04,1.5742112060732644e-02,1.3370925099917480e-01,1.1796713893844216e-01
1.1126252505010019e+04,1.5774522979212807e-02,1.3372002495833984e-01,1.1794550197912704e-01
1.1158316633266531e+04,1.4648713610748626e-02,1.3334578612981182e-01,1.1869707251906320e-01
1.1190380761523045e+04,1.6067022423701505e-02,1.3381725691653512e-01,1.1775023449283362e-01
1.1222444889779557e+04,1.4632302572724243e-02,1.3334033081222668e-01,1.1870802823950244e-01
1.1254509018036071e+04,1.5519959552444160e-02,1.3363540359944118e-01,1.1811544404699702e-01
1.1286573146292583e+04,1.5058863993162794e-02,1.3348212732836134e-01,1.1842326333519855e-01
1.1318637274549097e+04,1.5385307492895184e-02,1.3359064288733821e-01,1.1820533539444303e-01
1.1350701402805609e+04,1.5639098484148906e-02,1.3367500747509009e-01,1.1803590899094119e-01
1.1382765531062123e+04,1.4124825029745880e-02,1.3317163635425824e-01,1.1904681132451236e-01
1.1414829659318637e+04,1.4700343913475730e-02,1.3336294895022333e-01,1.1866260503674760e-01
1.1446893787575149e+04,1.5698657762471244e-02,1.3369480602640033e-01,1.1799614826392908e-01
1.1478957915831663e+04,1.5215466447689757e-02,1.3353418473769543e-01,1.1831871829000568e-01
1.1511022044088175e+04,1.5950049891851101e-02,1.3377837319028746e-01,1.1782832329843636e-01
1.1543086172344689e+04,1.6438484821478402e-02,1.3394073754876237e-01,1.1750225272728397e-01
1.1575150300601201e+04,1.4218755892583132e-02,1.3320286062459658e-01,1.1898410473201344e-01
1.1607214428857715e+04,1.4582325802518198e-02,1.3332371765509690e-01,1.1874139185257870e-01
1.1639278557114227e+04,1.5591789824333735e-02,1.3365928124476628e-01,1.1806749142043255e-01
1.1671342685370741e+04,1.5978246177784455e-02,1.3378774613149022e-01,1.1780949995370577e-01
1.1703406813627253e+04,1.5294080291933146e-02,1.3356031736174287e-01,1.1826623706980972e-01
1.1735470941883766e+04,1.6000034758895748e-02,1.3379498903894740e-01,1.1779495428005166e-01
1.1767535070140279e+04,1.4696484005469357e-02,1.3336166584893469e-01,1.1866518184346533e-01
1.1799599198396792e+04,1.4485188479327754e-02,1.3329142750095901e-01,1.1880623902163126e-01
1.1831663326653304e+04,1.5980158078884962e-02,1.3378838168103152e-01,1.1780822360214656e-01
1.1863727454909818e+04,1.4419054113771548e-02,1.3326944327504597e-01,1.1885038916127443e-01
1.1895791583166332e+04,1.7642741477752494e-02,1.3434105363505053e-01,1.1669831215729803e-01
1.1927855711422844e+04,1.6625088110252345e-02,1.3400276776288697e-01,1.1737767965263463e-01
1.1959919839679358e+04,1.4337061176143875e-02,1.3324218738094426e-01,1.1890512620480038e-01
1.1991983967935870e+04,1.4528038183542008e-02,1.3330567149604081e-01,1.1877763331249880e-01
1.2024048096192384e+04,1.4948369777814954e-02,1.3344539710842268e-01,1.1849702733060773e-01
1.2056112224448896e+04,1.5219045160511049e-02,1.3353537436475840e-01,1.1831632920424735e-01
1.2088176352705410e+04,1.5507252077318873e-02,1.3363117941127964e-01,1.1812392733396077e-01
1.2120240480961922e+04,1.5187420291877765e-02,1.3352486170238290e-01,1.1833744141050513e-01
1.2152304609218436e+04,1.3878380682815022e-02,1.3308971392024935e-01,1.1921133323743432e-01
1.2184368737474948e+04,1.4050428781495233e-02,1.3314690573327209e-01,1.1909647695177686e-01
1.2216432865731462e+04,1.3854414266135484e-02,1.3308174706195738e-01,1.1922733279582190e-01
1.2248496993987974e+04,1.5422878950514890e-02,1.3360313230044604e-01,1.1818025334993115e-01
1.2280561122244488e+04,1.5957932958981721e-02,1.3378099366040339e-01,1.1782306070142166e-01
1.2312625250501002e+04,1.5643552854071097e-02,1.3367648818596872e-01,1.1803293533189763e-01
1.2344689378757514e+04,1.5224030466574667e-02,1.3353703156814706e-01,1.1831300110157239e-01
1.2376753507014027e+04,1.3993174846896356e-02,1.3312787351874841e-01,1.1913469867185206e-01
1.2408817635270540e+04,1.6793859503654154e-02,1.3405887034146183e-01,1.1726501083780767e-01
1.2440881763527053e+04,1.4806668580994040e-02,1.3339829313914889e-01,1.1859162455815485e-01
1.2472945891783565e+04,1.7532971390306157e-02,1.3430456412795863e-01,1.1677159273765247e-01
1.2505010020040079e+04,1.6061170828047547e-02,1.3381531174325170e-01,1.1775414091520416e-01
1.2537074148296591e+04,1.5355926634224609e-02,1.3358087617332698e-01,1.1822494953910237e-01
1.2569138276553105e+04,1.3182762949952215e-02,1.3285847835520340e-01,1.1967571540525118e-01
1.2601202404809617e+04,1.5247170519864919e-02,1.3354472372871826e-01,1.1829755320885334e-01
1.2633266533066131e+04,1.4182406312229903e-02,1.3319077738497140e-01,1.1900837107274150e-01
1.2665330661322643e+04,1.6569628865360009e-02,1.3398433213477556e-01,1.1741470326941555e-01
1.2697394789579157e+04,1.8300312422583592e-02,1.3455964177879762e-01,1.1625932935621403e-01
1.2729458917835669e+04,1.5936783605365434e-02,1.3377396324340357e-01,1.1783717963803814e-01
1.2761523046092183e+04,1.3402243067776765e-02,1.3293143740535895e-01,1.1952919433758219e-01
1.2793587174348697e+04,1.6308841050377346e-02,1.3389764167979476e-01,1.1758880062941741e-01
1.2825651302605209e+04,1.5443968526521856e-02,1.3361014284631528e-01,1.1816617431979343e-01
1.2857715430861723e+04,1.6658526339660334e-02,1.3401388321826510e-01,1.1735535687860477e-01
1.2889779559118235e+04,1.7425145010407816e-02,1.3426872074343105e-01,1.1684357573302323e-01
1.2921843687374749e+04,1.4997202880128901e-02,1.3346163009023387e-01,1.1846442721010497e-01
1.2953907815631261e+04,1.2590482408965320e-02,1.3266159388965471e-01,1.2007111148068939e-01
1.2985971943887775e+04,1.6334597358010933e-02,1.3390620352930990e-01,1.1757160617129897e-01
1.3018036072144287e+04,1.4213148944321477e-02,1.3320099677640759e-01,1.1898784783208612e-01
1.3050100200400801e+04,1.5415091979068082e-02,1.3360054377422165e-01,1.1818545179515356e-01
1.3082164328657313e+04,1.7128146318759571e-02,1.3416999315637176e-01,1.1704184683761219e-01
1.3114228456913826e+04,1.5552256818861937e-02,1.3364613977865844e-01,1.1809388295979650e-01
1.3146292585170338e+04,1.4462161658302553e-02,1.3328377298078015e-01,1.1882161132247759e-01
1.3178356713426852e+04,1.4548513664159407e-02,1.3331247790580392e-01,1.1876396424164451e-01
1.3210420841683364e+04,1.4310319727200607e-02,1.3323329805313350e-01,1.1892297832593289e-01
1.3242484969939878e+04,1.5243494490437159e-02,1.3354350175190161e-01,1.1830000726146445e-01
1.3274549098196392e+04,1.5492308208555267e-02,1.3362621180655068e-01,1.1813390359799542e-01
1.3306613226452904e+04,1.4534569146973542e-02,1.3330784250311273e-01,1.1877327335613919e-01
1.3338677354709418e+04,1.4093655704167596e-02,1.3316127512239970e-01,1.1906761941823210e-01
1.3370741482965930e+04,1.6622649035396939e-02,1.3400195697151709e-01,1.1737930793612016e-01
1.3402805611222444e+04,1.4882337957309727e-02,1.3342344697028471e-01,1.1854110901297499e-01
1.3434869739478956e+04,1.4817149651434949e-02,1.3340177723124386e-01,1.1858462757980891e-01
1.3466933867735470e+04,1.5741643099509831e-02,1.3370909510821374e-01,1.1796745200870391e-01
1.3498997995991982e+04,1.3919525495684690e-02,1.3310339117946957e-01,1.1918386568378488e-01
1.3531062124248496e+04,1.3186760641496043e-02,1.3285980725815955e-01,1.1967304661666350e-01
1.3563126252505008e+04,1.4993796415787533e-02,1.3346049772159155e-01,1.1846670130580401e-01
1.3595190380761522e+04,1.4890816806242047e-02,1.3342626548874806e-01,1.1853544868250601e-01
1.3627254509018034e+04,1.5543958893026261e-02,1.3364338140221196e-01,1.1809942250918570e-01
1.3659318637274548e+04,1.7027369395943126e-02,1.3413649313532439e-01,1.1710912373938126e-01
1.3691382765531062e+04,1.4973929043678724e-02,1.3345389345778585e-01,1.1847996441410713e-01
1.3723446893787574e+04,1.4317259604334248e-02,1.3323560499031142e-01,1.1891834538597718e-01
1.3755511022044087e+04,1.4724377987931678e-02,1.3337093829914456e-01,1.1864656031121289e-01
1.3787575150300599e+04,1.5912566919186022e-02,1.3376591319112738e-01,1.1785334627194136e-01
1.3819639278557113e+04,1.4914267940263945e-02,1.3343406105802408e-01,1.1851979311776013e-01
1.3851703406813625e+04,1.5903086405535741e-02,1.3376276170169954e-01,1.1785967529616380e-01
1.3883767535070139e+04,1.5725727636871190e-02,1.3370380452859945e-01,1.1797807689172826e-01
1.3915831663326651e+04,1.5532732626146434e-02,1.3363964959371560e-01,1.1810691696756917e-01
1.3947895791583165e+04,1.4065958785103250e-02,1.3315206817952258e-01,1.1908610939441933e-01
1.3979959919839677e+04,1.4073009877603099e-02,1.3315441208664472e-01,1.1908140220904162e-01
1.4012024048096191e+04,1.5562351907801225e-02,1.3364949556371605e-01,1.1808714365591483e-01
1.4044088176352703e+04,1.5797459739112535e-02,1.3372764954060787e-01,1.1793018980149533e-01
1.4076152304609217e+04,1.4823419532168730e-02,1.3340386144983804e-01,1.1858044191766931e-01
1.4108216432865729e+04,1.4362822486758034e-02,1.3325075089353386e-01,1.1888792840677583e-01
1.4140280561122243e+04,1.4497516103133989e-02,1.3329552541985659e-01,1.1879800931672260e-01
1.4172344689378757e+04,1.6081963571627750e-02,1.3382222361680088e-01,1.1774026004517313e-01
1.4204408817635269e+04,1.4917193823774502e-02,1.3343503367314627e-01,1.1851783984937177e-01
1.4236472945891783e+04,1.5992472063900171e-02,1.3379247506615502e-01,1.1780000300225485e-01
1.4268537074148295e+04,1.7458566813937398e-02,1.3427983073855743e-01,1.1682126392462003e-01
1.4300601202404809e+04,1.4933055649281352e-02,1.3344030642283378e-01,1.1850725077355242e-01
1.4332665330661321e+04,1.4138858246241504e-02,1.3317630124215285e-01,1.1903744299591135e-01
1.4364729458917835e+04,1.4061856690798930e-02,1.3315070457125019e-01,1.1908884788045127e-01
1.4396793587174347e+04,1.6746238099525745e-02,1.3404304014942581e-01,1.1729680204990006e-01
1.4428857715430860e+04,1.6653420069727365e-02,1.3401218580435542e-01,1.1735876573462806e-01
1.4460921843687373e+04,1.6397880907386378e-02,1.3392724009379695e-01,1.1752935918641057e-01
1.4492985971943886e+04,1.5068887978920059e-02,1.3348545947746601e-01,1.1841657149854595e-01
1.4525050100200398e+04,1.4165776788245460e-02,1.3318524943880763e-01,1.1901947265056217e-01
1.4557114228456912e+04,1.5489064640672526e-02,1.3362513358755393e-01,1.1813606894688140e-01
1.4589178356713424e+04,1.7164954874824556e-02,1.3418222896758789e-01,1.1701727409276333e-01
1.4621242484969938e+04,1.5460601123192363e-02,1.3361567181388592e-01,1.1815507069069356e-01
1.4653306613226452e+04,1.5748288522177273e-02,1.3371130416354843e-01,1.1796301564137116e-01
1.4685370741482964e+04,1.4880005934477275e-02,1.3342267176488984e-01,1.1854266583041256e-01
1.4717434869739478e+04,1.4482504725600240e-02,1.3329053537402680e-01,1.1880803064842656e-01
1.4749498997995990e+04,1.4258661009523887e-02,1.3321612578708925e-01,1.1895746477756536e-01
1.4781563126252504e+04,1.5600986626768149e-02,1.3366233842359071e-01,1.1806135179682256e-01
1.4813627254509016e+04,1.3434489707832439e-02,1.3294215675548290e-01,1.1950766704765046e-01
1.4845691382765530e+04,1.6442437549729808e-02,1.3394205150512453e-01,1.1749961395539472e-01
1.4877755511022042e+04,1.5786918027465485e-02,1.3372414529030582e-01,1.1793722726284034e-01
1.4909819639278556e+04,1.6019027797175872e-02,1.3380130265880838e-01,1.1778227486163251e-01
1.4941883767535068e+04,1.4554680999231656e-02,1.3331452803641480e-01,1.1875984703718315e-01
1.4973947895791582e+04,1.6523942276255532e-02,1.3396914510927155e-01,1.1744520283301602e-01
1.5006012024048094e+04,1.5158190267452076e-02,1.3351514512832305e-01,1.1835695486087097e-01
1.5038076152304608e+04,1.4882776017946089e-02,1.3342359258933886e-01,1.1854081657139277e-01
1.5070140280561121e+04,1.5159168225152370e-02,1.3351547021865737e-01,1.1835630199350500e-01
1.5102204408817634e+04,1.4473353190603278e-02,1.3328749324288686e-01,1.1881414005228358e-01
1.5134268537074147e+04,1.5235460562389780e-02,1.3354083113295870e-01,1.1830537057056892e-01
1.5166332665330659e+04,1.5383943451304602e-02,1.3359018945592208e-01,1.1820624600461747e-01
1.5198396793587173e+04,1.5976098579652764e-02,1.3378703223210364e-01,1.1781093365245088e-01
1.5230460921843685e+04,1.5304489756039430e-02,1.3356377765062774e-01,1.1825928789458831e-01
1.5262525050100199e+04,1.5205624983162178e-02,1.3353091326184152e-01,1.1832528827867934e-01
1.5294589178356711e+04,1.5075414421980377e-02,1.3348762898188818e-01,1.1841221455990780e-01
1.5326653306613225e+04,1.3624830282460129e-02,1.3300542930913550e-01,1.1938059902667537e-01
1.5358717434869737e+04,1.5376057151657518e-02,1.3358756791125875e-01,1.1821151075960123e-01
1.5390781563126251e+04,1.5831633659083022e-02,1.3373900955246332e-01,1.1790737589338030e-01
1.5422845691382763e+04,1.4227103076345976e-02,1.3320563537523469e-01,1.1897853229888872e-01
1.5454909819639277e+04,1.5176040894411241e-02,1.3352107899058049e-01,1.1834503809616925e-01
1.5486973947895789e+04,1.4417687313906274e-02,1.3326898892673125e-01,1.1885130161282498e-01
1.5519038076152303e+04,1.6158481153758592e-02,1.3384765940646234e-01,1.1768917825270375e-01
1.5551102204408817e+04,1.4837014594950390e-02,1.3340838068773755e-01,1.1857136609278716e-01
1.5583166332665329e+04,1.6421034433304046e-02,1.3393493673290449e-01,1.1751390229960045e-01
1.5615230460921843e+04,1.4844317617174266e-02,1.3341080834072941e-01,1.1856649072355514e-01
1.5647294589178355e+04,1.6925255186662477e-02,1.3410254857674053e-01,1.1717729339007806e-01
1.5679358717434869e+04,1.5961804940846744e-02,1.3378228077524676e-01,1.1782047583440002e-01
1.5711422845691381e+04,1.6859403216325605e-02,1.3408065822396359e-01,1.1722125500763798e-01
1.5743486973947895e+04,1.4973014437442825e-02,1.3345358942658767e-01,1.1848057498914484e-01
1.5775551102204407e+04,1.6397423135439237e-02,1.3392708792235011e-01,1.1752966478691088e-01
1.5807615230460920e+04,1.5611525051085623e-02,1.3366584158112260e-01,1.1805431653003698e-01
1.5839679358717432e+04,1.5588932659529334e-02,1.3365833147294034e-01,1.1806939881341101e-01
1.5871743486973946e+04,1.5750387210542671e-02,1.3371200180445847e-01,1.1796161459391580e-01
1.5903807615230458e+04,1.5811448538613243e-02,1.3373229966351483e-01,1.1792085112490158e-01
1.5935871743486972e+04,1.3531028505354051e-02,1.3297424794916210e-01,1.1944321944380805e-01
1.5967935871743486e+04,1.6379996440350125e-02,1.3392129498249863e-01,1.1754129854214851e-01
1.6000000000000000e+04,1.3325434050691143e-02,1.3290590473758446e-01,1.1958047068689331e-01
